Store_ID,Product_ID,Current_Stock,Reserved_Stock,Safety_Stock,Maximum_Capacity
BST-001,PROD-001,2581,140,1493,6175
BST-001,PROD-002,10,3,9,266
BST-001,PROD-003,2118,242,705,6404
BST-001,PROD-004,21,0,6,175
BST-001,PROD-005,4257,310,653,5398
BST-001,PROD-006,1861,140,465,2810
BST-001,PROD-007,1776,387,368,2368
BST-001,PROD-008,39,3,5,147
BST-001,PROD-009,16,3,6,161
BST-001,PROD-010,18,1,4,60
BST-001,PROD-011,304,11,487,2409
BST-001,PROD-012,485,18,460,3073
BST-001,PROD-013,8,4,4,88
BST-001,PROD-014,26,5,4,119
BST-001,PROD-015,11,2,4,60
BST-001,PROD-016,12,4,4,52
BST-001,PROD-017,6,4,4,52
BST-001,PROD-018,4153,426,915,4935
BST-001,PROD-019,50,5,10,294
BST-001,PROD-020,72,4,13,368
BST-001,PROD-021,66,4,9,266
BST-001,PROD-022,208,20,152,2015
BST-001,PROD-023,15,0,6,175
BST-001,PROD-024,2113,28,967,4046
BST-001,PROD-025,445,94,913,4343
BST-001,PROD-026,1740,284,1004,8013
BST-001,PROD-027,17,0,4,60
BST-001,PROD-028,10,0,4,60
BST-001,PROD-029,5782,391,1488,6174
BST-001,PROD-030,9,3,4,60
BST-001,PROD-031,7,3,4,52
BST-001,PROD-032,15,1,4,52
BST-001,PROD-033,1008,286,1110,7818
BST-001,PROD-034,13,5,4,52
BST-001,PROD-035,39,1,4,52
BST-002,PROD-001,1397,113,164,4734
BST-002,PROD-002,3116,309,405,6508
BST-002,PROD-003,26,2,7,189
BST-002,PROD-004,243,73,288,1236
BST-002,PROD-005,16,2,10,287
BST-002,PROD-006,4864,461,1911,9393
BST-002,PROD-007,66,3,8,228
BST-002,PROD-008,49,3,7,189
BST-002,PROD-009,1496,430,438,6713
BST-002,PROD-010,20,5,4,77
BST-002,PROD-011,7612,475,909,7875
BST-002,PROD-012,28,0,4,116
BST-002,PROD-013,8,4,4,116
BST-002,PROD-014,18,5,5,154
BST-002,PROD-015,3057,277,1111,4575
BST-002,PROD-016,2597,118,1500,8256
BST-002,PROD-017,4,3,4,52
BST-002,PROD-018,9,4,4,52
BST-002,PROD-019,4988,323,350,6018
BST-002,PROD-020,28,0,17,476
BST-002,PROD-021,4282,352,138,6149
BST-002,PROD-022,79,5,9,266
BST-002,PROD-023,45,1,8,228
BST-002,PROD-024,19,4,7,189
BST-002,PROD-025,1896,430,235,3523
BST-002,PROD-026,15,4,4,94
BST-002,PROD-027,15,4,4,77
BST-002,PROD-028,2750,82,433,4077
BST-002,PROD-029,12,1,4,56
BST-002,PROD-030,4037,374,422,4748
BST-002,PROD-031,1086,242,506,2453
BST-002,PROD-032,1509,194,214,4948
BST-002,PROD-033,6,2,4,52
BST-002,PROD-034,286,6,1849,8925
BST-002,PROD-035,39,1,4,52
BST-003,PROD-001,34,2,8,217
BST-003,PROD-002,38,3,10,276
BST-003,PROD-003,105,25,719,3464
BST-003,PROD-004,47,5,7,186
BST-003,PROD-005,0,0,8,231
BST-003,PROD-006,39,4,7,200
BST-003,PROD-007,49,0,7,186
BST-003,PROD-008,456,45,487,3066
BST-003,PROD-009,39,0,6,172
BST-003,PROD-010,99,20,578,4831
BST-003,PROD-011,24,3,4,77
BST-003,PROD-012,679,67,1023,5683
BST-003,PROD-013,136,27,285,5550
BST-003,PROD-014,109,15,272,3992
BST-003,PROD-015,20,3,4,63
BST-003,PROD-016,16,3,4,52
BST-003,PROD-017,1136,44,205,4036
BST-003,PROD-018,1898,341,415,1930
BST-003,PROD-019,12,5,11,308
BST-003,PROD-020,3617,343,1279,6622
BST-003,PROD-021,942,161,113,1969
BST-003,PROD-022,27,3,8,217
BST-003,PROD-023,13,4,7,186
BST-003,PROD-024,15,4,5,154
BST-003,PROD-025,7565,85,1363,8657
BST-003,PROD-026,2206,341,503,2426
BST-003,PROD-027,701,40,176,3925
BST-003,PROD-028,21,3,4,63
BST-003,PROD-029,9,1,4,52
BST-003,PROD-030,5,4,4,63
BST-003,PROD-031,2710,258,449,3525
BST-003,PROD-032,15,2,4,52
BST-003,PROD-033,5,0,4,52
BST-003,PROD-034,13,2,4,52
BST-003,PROD-035,39,3,4,52
BST-004,PROD-001,9,1,7,203
BST-004,PROD-002,31,2,9,262
BST-004,PROD-003,17,3,5,144
BST-004,PROD-004,12,0,6,175
BST-004,PROD-005,36,3,8,217
BST-004,PROD-006,28,0,7,189
BST-004,PROD-007,26,1,6,175
BST-004,PROD-008,6354,432,416,7965
BST-004,PROD-009,32,4,6,161
BST-004,PROD-010,13,3,4,60
BST-004,PROD-011,9,5,4,74
BST-004,PROD-012,5159,252,261,6561
BST-004,PROD-013,22,5,4,88
BST-004,PROD-014,19,0,4,116
BST-004,PROD-015,4813,52,1023,5437
BST-004,PROD-016,5,5,4,52
BST-004,PROD-017,9,1,4,52
BST-004,PROD-018,837,0,231,1359
BST-004,PROD-019,70,2,10,290
BST-004,PROD-020,3,3,13,364
BST-004,PROD-021,41,5,9,262
BST-004,PROD-022,912,272,760,4167
BST-004,PROD-023,5549,117,811,8080
BST-004,PROD-024,43,5,5,144
BST-004,PROD-025,677,147,1080,6715
BST-004,PROD-026,21,0,4,74
BST-004,PROD-027,981,91,209,3128
BST-004,PROD-028,6,1,4,60
BST-004,PROD-029,8,5,4,52
BST-004,PROD-030,599,42,664,2886
BST-004,PROD-031,3974,242,1350,5563
BST-004,PROD-032,17,3,4,52
BST-004,PROD-033,3080,271,968,4723
BST-004,PROD-034,3871,84,241,5866
BST-004,PROD-035,7873,447,2139,8825
BST-005,PROD-001,13,0,4,105
BST-005,PROD-002,5120,46,340,5926
BST-005,PROD-003,24,0,4,74
BST-005,PROD-004,1276,300,1120,4634
BST-005,PROD-005,0,0,4,112
BST-005,PROD-006,3121,293,1162,5532
BST-005,PROD-007,11,5,4,91
BST-005,PROD-008,16,0,4,74
BST-005,PROD-009,2633,116,936,5295
BST-005,PROD-010,2244,194,315,4037
BST-005,PROD-011,18,4,4,52
BST-005,PROD-012,6878,425,1679,9722
BST-005,PROD-013,11,2,4,52
BST-005,PROD-014,3,0,4,60
BST-005,PROD-015,3972,226,573,5025
BST-005,PROD-016,11,0,4,52
BST-005,PROD-017,13,5,4,52
BST-005,PROD-018,4284,77,1703,9090
BST-005,PROD-019,7219,116,1683,8646
BST-005,PROD-020,1700,436,1783,9427
BST-005,PROD-021,35,1,5,136
BST-005,PROD-022,9,2,4,105
BST-005,PROD-023,13,4,4,91
BST-005,PROD-024,23,5,4,74
BST-005,PROD-025,3358,93,1047,5239
BST-005,PROD-026,3206,141,953,6148
BST-005,PROD-027,794,34,214,1275
BST-005,PROD-028,13,4,4,52
BST-005,PROD-029,7,1,4,52
BST-005,PROD-030,13,5,4,52
BST-005,PROD-031,10,0,4,52
BST-005,PROD-032,1744,396,961,8629
BST-005,PROD-033,5968,60,229,6595
BST-005,PROD-034,13,1,4,52
BST-005,PROD-035,2531,300,1174,8227
BST-006,PROD-001,23,4,4,88
BST-006,PROD-002,3996,383,916,9432
BST-006,PROD-003,10,2,4,63
BST-006,PROD-004,0,0,4,77
BST-006,PROD-005,0,0,4,94
BST-006,PROD-006,697,197,889,3589
BST-006,PROD-007,4,4,4,77
BST-006,PROD-008,8,1,4,63
BST-006,PROD-009,14,1,4,70
BST-006,PROD-010,888,28,1100,9591
BST-006,PROD-011,18,1,4,52
BST-006,PROD-012,15,5,4,52
BST-006,PROD-013,2908,141,1101,5476
BST-006,PROD-014,5754,480,815,6000
BST-006,PROD-015,14,4,4,52
BST-006,PROD-016,6,5,4,52
BST-006,PROD-017,13,0,4,52
BST-006,PROD-018,1103,94,422,6500
BST-006,PROD-019,2555,244,894,4445
BST-006,PROD-020,1845,276,381,5200
BST-006,PROD-021,26,5,4,116
BST-006,PROD-022,7,5,4,88
BST-006,PROD-023,1706,16,1447,6541
BST-006,PROD-024,19,5,4,63
BST-006,PROD-025,5324,437,1356,8096
BST-006,PROD-026,1800,225,867,5113
BST-006,PROD-027,2039,93,1265,5117
BST-006,PROD-028,2191,124,501,4703
BST-006,PROD-029,12,5,4,52
BST-006,PROD-030,16,3,4,52
BST-006,PROD-031,1678,208,356,2310
BST-006,PROD-032,10,4,4,52
BST-006,PROD-033,3285,32,373,3348
BST-006,PROD-034,13,5,4,52
BST-006,PROD-035,39,3,4,52
BST-007,PROD-001,46,4,8,234
BST-007,PROD-002,2204,381,305,2451
BST-007,PROD-003,9,1,6,168
BST-007,PROD-004,2254,499,149,6591
BST-007,PROD-005,25,4,9,252
BST-007,PROD-006,1165,160,516,2142
BST-007,PROD-007,29,1,7,203
BST-007,PROD-008,38,0,6,168
BST-007,PROD-009,31,2,7,186
BST-007,PROD-010,804,103,164,1022
BST-007,PROD-011,4,3,4,84
BST-007,PROD-012,3240,123,523,3492
BST-007,PROD-013,1667,256,1287,9468
BST-007,PROD-014,7024,143,129,9057
BST-007,PROD-015,10,0,4,66
BST-007,PROD-016,4,1,4,52
BST-007,PROD-017,1893,91,904,5204
BST-007,PROD-018,2726,14,443,4769
BST-007,PROD-019,1943,442,316,2747
BST-007,PROD-020,40,2,15,420
BST-007,PROD-021,2719,298,343,4075
BST-007,PROD-022,1490,446,125,4758
BST-007,PROD-023,2344,452,582,3635
BST-007,PROD-024,18,5,6,168
BST-007,PROD-025,19,4,4,102
BST-007,PROD-026,25,2,4,84
BST-007,PROD-027,4692,293,1937,9845
BST-007,PROD-028,20,5,4,66
BST-007,PROD-029,15,4,4,52
BST-007,PROD-030,13,2,4,66
BST-007,PROD-031,10,3,4,52
BST-007,PROD-032,2047,279,603,3366
BST-007,PROD-033,6,4,4,52
BST-007,PROD-034,13,5,4,52
BST-007,PROD-035,39,3,4,52
BST-008,PROD-001,341,105,245,3633
BST-008,PROD-002,32,1,9,252
BST-008,PROD-003,263,4,411,9629
BST-008,PROD-004,5731,340,639,5811
BST-008,PROD-005,27,5,7,210
BST-008,PROD-006,7025,300,983,7079
BST-008,PROD-007,15,4,6,168
BST-008,PROD-008,1210,402,222,2894
BST-008,PROD-009,10,5,5,154
BST-008,PROD-010,8381,497,1740,9848
BST-008,PROD-011,792,195,624,2597
BST-008,PROD-012,10,5,4,84
BST-008,PROD-013,22,4,4,84
BST-008,PROD-014,1045,64,572,3473
BST-008,PROD-015,5,1,4,56
BST-008,PROD-016,11,3,4,52
BST-008,PROD-017,4,0,4,52
BST-008,PROD-018,19,3,4,52
BST-008,PROD-019,55,3,10,280
BST-008,PROD-020,4,4,12,350
BST-008,PROD-021,7190,149,180,8698
BST-008,PROD-022,1096,319,332,1594
BST-008,PROD-023,4535,278,1186,5028
BST-008,PROD-024,12,1,5,140
BST-008,PROD-025,24,3,4,84
BST-008,PROD-026,23,4,4,70
BST-008,PROD-027,1241,156,261,1356
BST-008,PROD-028,16,2,4,56
BST-008,PROD-029,12,2,4,52
BST-008,PROD-030,3700,311,1029,4690
BST-008,PROD-031,14,3,4,52
BST-008,PROD-032,17,2,4,52
BST-008,PROD-033,10,2,4,52
BST-008,PROD-034,13,5,4,52
BST-008,PROD-035,39,0,4,52
BST-009,PROD-001,2258,398,262,3146
BST-009,PROD-002,35,3,7,206
BST-009,PROD-003,15,3,4,116
BST-009,PROD-004,0,0,5,136
BST-009,PROD-005,0,0,6,172
BST-009,PROD-006,1172,136,678,3561
BST-009,PROD-007,1183,247,209,1203
BST-009,PROD-008,35,3,4,116
BST-009,PROD-009,1763,31,283,2539
BST-009,PROD-010,6295,45,401,6959
BST-009,PROD-011,1985,81,316,2009
BST-009,PROD-012,23,5,4,70
BST-009,PROD-013,9,0,4,70
BST-009,PROD-014,5,4,4,91
BST-009,PROD-015,6,3,4,52
BST-009,PROD-016,6,5,4,52
BST-009,PROD-017,2688,420,573,4630
BST-009,PROD-018,14,5,4,52
BST-009,PROD-019,23,5,8,231
BST-009,PROD-020,31,0,10,287
BST-009,PROD-021,41,4,7,206
BST-009,PROD-022,1508,334,1821,7849
BST-009,PROD-023,1474,468,941,9528
BST-009,PROD-024,3,0,4,116
BST-009,PROD-025,20,4,4,70
BST-009,PROD-026,14,1,4,56
BST-009,PROD-027,9,3,4,52
BST-009,PROD-028,1578,223,211,5157
BST-009,PROD-029,18,4,4,52
BST-009,PROD-030,17,4,4,52
BST-009,PROD-031,4378,146,1098,7907
BST-009,PROD-032,17,3,4,52
BST-009,PROD-033,121,5,590,4286
BST-009,PROD-034,13,4,4,52
BST-009,PROD-035,1489,378,275,1640
BST-010,PROD-001,34,5,7,210
BST-010,PROD-002,57,5,10,270
BST-010,PROD-003,4209,385,1014,5219
BST-010,PROD-004,0,0,6,178
BST-010,PROD-005,3773,441,596,4688
BST-010,PROD-006,1566,431,692,8111
BST-010,PROD-007,60,2,6,178
BST-010,PROD-008,12,3,5,150
BST-010,PROD-009,32,2,6,164
BST-010,PROD-010,1341,273,333,2548
BST-010,PROD-011,21,3,4,74
BST-010,PROD-012,9,4,4,91
BST-010,PROD-013,1724,303,335,2866
BST-010,PROD-014,37,5,4,119
BST-010,PROD-015,13,1,4,60
BST-010,PROD-016,5,4,4,52
BST-010,PROD-017,11,1,4,52
BST-010,PROD-018,3593,89,646,5936
BST-010,PROD-019,41,1,11,298
BST-010,PROD-020,64,4,13,374
BST-010,PROD-021,576,38,348,1927
BST-010,PROD-022,331,32,428,4818
BST-010,PROD-023,63,4,400,3370
BST-010,PROD-024,26,1,5,150
BST-010,PROD-025,10,4,4,91
BST-010,PROD-026,6100,496,1019,7093
BST-010,PROD-027,964,81,572,3001
BST-010,PROD-028,3723,85,258,5339
BST-010,PROD-029,17,2,4,52
BST-010,PROD-030,1950,460,208,5340
BST-010,PROD-031,2854,132,1292,7027
BST-010,PROD-032,4180,388,471,5194
BST-010,PROD-033,3956,489,1131,4666
BST-010,PROD-034,13,1,4,52
BST-010,PROD-035,39,4,4,52
BST-011,PROD-001,28,3,9,259
BST-011,PROD-002,45,0,12,332
BST-011,PROD-003,27,3,7,186
BST-011,PROD-004,33,1,8,224
BST-011,PROD-005,23,0,10,280
BST-011,PROD-006,24,5,9,242
BST-011,PROD-007,58,2,8,224
BST-011,PROD-008,48,2,7,186
BST-011,PROD-009,50,0,7,203
BST-011,PROD-010,12,1,4,74
BST-011,PROD-011,29,0,4,94
BST-011,PROD-012,24,4,4,112
BST-011,PROD-013,9,3,4,112
BST-011,PROD-014,11,4,5,147
BST-011,PROD-015,20,2,4,74
BST-011,PROD-016,14,4,4,56
BST-011,PROD-017,15,0,4,52
BST-011,PROD-018,8,2,4,52
BST-011,PROD-019,71,2,13,371
BST-011,PROD-020,73,5,16,466
BST-011,PROD-021,64,5,12,332
BST-011,PROD-022,16,1,9,259
BST-011,PROD-023,48,1,8,224
BST-011,PROD-024,41,4,7,186
BST-011,PROD-025,16,0,4,112
BST-011,PROD-026,31,0,4,94
BST-011,PROD-027,23,5,4,74
BST-011,PROD-028,20,3,4,74
BST-011,PROD-029,12,2,4,56
BST-011,PROD-030,12,2,4,74
BST-011,PROD-031,10,2,4,52
BST-011,PROD-032,9,3,4,52
BST-011,PROD-033,15,4,4,52
BST-011,PROD-034,13,1,4,52
BST-011,PROD-035,39,5,4,52
BST-012,PROD-001,11,4,7,200
BST-012,PROD-002,26,0,9,256
BST-012,PROD-003,19,3,5,144
BST-012,PROD-004,0,0,6,172
BST-012,PROD-005,38,0,8,214
BST-012,PROD-006,0,0,7,186
BST-012,PROD-007,0,0,6,172
BST-012,PROD-008,23,3,5,144
BST-012,PROD-009,0,0,6,158
BST-012,PROD-010,17,2,4,56
BST-012,PROD-011,16,5,4,70
BST-012,PROD-012,5,1,4,84
BST-012,PROD-013,14,5,4,84
BST-012,PROD-014,13,4,4,112
BST-012,PROD-015,12,1,4,56
BST-012,PROD-016,11,3,4,52
BST-012,PROD-017,7,5,4,52
BST-012,PROD-018,10,4,4,52
BST-012,PROD-019,42,5,10,284
BST-012,PROD-020,43,4,13,354
BST-012,PROD-021,71,2,9,256
BST-012,PROD-022,39,1,7,200
BST-012,PROD-023,14,0,6,172
BST-012,PROD-024,36,3,5,144
BST-012,PROD-025,6,0,4,84
BST-012,PROD-026,18,1,4,70
BST-012,PROD-027,3,1,4,56
BST-012,PROD-028,4,2,4,56
BST-012,PROD-029,9,5,4,52
BST-012,PROD-030,2,0,4,56
BST-012,PROD-031,8,4,4,52
BST-012,PROD-032,7,4,4,52
BST-012,PROD-033,9,3,4,52
BST-012,PROD-034,13,5,4,52
BST-012,PROD-035,39,1,4,52
BST-013,PROD-001,47,0,10,290
BST-013,PROD-002,44,3,13,371
BST-013,PROD-003,28,0,7,206
BST-013,PROD-004,38,1,9,248
BST-013,PROD-005,44,1,11,308
BST-013,PROD-006,57,2,9,270
BST-013,PROD-007,73,3,9,248
BST-013,PROD-008,13,1,7,206
BST-013,PROD-009,62,5,8,228
BST-013,PROD-010,16,0,4,84
BST-013,PROD-011,8,5,4,102
BST-013,PROD-012,33,4,4,122
BST-013,PROD-013,21,2,4,122
BST-013,PROD-014,42,1,6,164
BST-013,PROD-015,25,5,4,84
BST-013,PROD-016,21,5,4,63
BST-013,PROD-017,18,3,4,52
BST-013,PROD-018,6,3,4,52
BST-013,PROD-019,10,3,15,413
BST-013,PROD-020,89,2,18,514
BST-013,PROD-021,61,4,13,371
BST-013,PROD-022,33,2,10,290
BST-013,PROD-023,41,4,9,248
BST-013,PROD-024,39,5,7,206
BST-013,PROD-025,19,1,4,122
BST-013,PROD-026,20,4,4,102
BST-013,PROD-027,25,3,4,84
BST-013,PROD-028,7,5,4,84
BST-013,PROD-029,9,0,4,63
BST-013,PROD-030,25,1,4,84
BST-013,PROD-031,7,3,4,52
BST-013,PROD-032,14,5,4,52
BST-013,PROD-033,11,2,4,52
BST-013,PROD-034,13,4,4,52
BST-013,PROD-035,39,1,4,52
BST-014,PROD-001,36,4,10,284
BST-014,PROD-002,51,0,13,364
BST-014,PROD-003,25,1,7,203
BST-014,PROD-004,1,1,9,245
BST-014,PROD-005,5,0,11,304
BST-014,PROD-006,0,0,9,262
BST-014,PROD-007,62,3,9,245
BST-014,PROD-008,17,1,7,203
BST-014,PROD-009,71,2,8,224
BST-014,PROD-010,17,4,4,80
BST-014,PROD-011,12,5,4,102
BST-014,PROD-012,19,2,4,122
BST-014,PROD-013,32,5,4,122
BST-014,PROD-014,26,4,6,161
BST-014,PROD-015,9,0,4,80
BST-014,PROD-016,11,0,4,60
BST-014,PROD-017,13,3,4,52
BST-014,PROD-018,7,1,4,52
BST-014,PROD-019,6,2,14,406
BST-014,PROD-020,111,2,18,508
BST-014,PROD-021,83,1,13,364
BST-014,PROD-022,17,0,10,284
BST-014,PROD-023,11,2,9,245
BST-014,PROD-024,48,0,7,203
BST-014,PROD-025,40,1,4,122
BST-014,PROD-026,31,3,4,102
BST-014,PROD-027,25,2,4,80
BST-014,PROD-028,19,5,4,80
BST-014,PROD-029,12,4,4,60
BST-014,PROD-030,24,3,4,80
BST-014,PROD-031,7,3,4,52
BST-014,PROD-032,15,2,4,52
BST-014,PROD-033,15,4,4,52
BST-014,PROD-034,13,3,4,52
BST-014,PROD-035,39,0,4,52
BST-015,PROD-001,46,5,7,192
BST-015,PROD-002,62,5,9,245
BST-015,PROD-003,104,4,5,136
BST-015,PROD-004,0,0,6,164
BST-015,PROD-005,0,0,7,206
BST-015,PROD-006,0,0,6,178
BST-015,PROD-007,0,0,6,164
BST-015,PROD-008,0,0,5,136
BST-015,PROD-009,18,2,5,150
BST-015,PROD-010,14,5,4,56
BST-015,PROD-011,20,4,4,70
BST-015,PROD-012,2,1,4,80
BST-015,PROD-013,13,5,4,80
BST-015,PROD-014,27,2,4,108
BST-015,PROD-015,17,5,4,56
BST-015,PROD-016,12,0,4,52
BST-015,PROD-017,13,2,4,52
BST-015,PROD-018,6,5,4,52
BST-015,PROD-019,29,2,10,273
BST-015,PROD-020,84,2,12,343
BST-015,PROD-021,16,4,9,245
BST-015,PROD-022,18,5,7,192
BST-015,PROD-023,40,1,6,164
BST-015,PROD-024,4,4,5,136
BST-015,PROD-025,11,0,4,80
BST-015,PROD-026,11,1,4,70
BST-015,PROD-027,9,5,4,56
BST-015,PROD-028,9,4,4,56
BST-015,PROD-029,8,5,4,52
BST-015,PROD-030,4,2,4,56
BST-015,PROD-031,10,1,4,52
BST-015,PROD-032,7,2,4,52
BST-015,PROD-033,11,3,4,52
BST-015,PROD-034,13,2,4,52
BST-015,PROD-035,39,2,4,52
BST-016,PROD-001,32,5,4,122
BST-016,PROD-002,34,4,6,158
BST-016,PROD-003,8,3,4,88
BST-016,PROD-004,0,0,4,105
BST-016,PROD-005,0,0,5,130
BST-016,PROD-006,100,0,4,112
BST-016,PROD-007,0,0,4,105
BST-016,PROD-008,9,2,4,88
BST-016,PROD-009,9,3,4,94
BST-016,PROD-010,18,2,4,52
BST-016,PROD-011,6,4,4,52
BST-016,PROD-012,15,5,4,52
BST-016,PROD-013,0,0,4,52
BST-016,PROD-014,7,4,4,70
BST-016,PROD-015,3,3,4,52
BST-016,PROD-016,6,1,4,52
BST-016,PROD-017,13,4,4,52
BST-016,PROD-018,7,1,4,52
BST-016,PROD-019,46,5,6,175
BST-016,PROD-020,37,0,8,217
BST-016,PROD-021,23,4,6,158
BST-016,PROD-022,26,0,4,122
BST-016,PROD-023,5,1,4,105
BST-016,PROD-024,23,0,4,88
BST-016,PROD-025,17,5,4,52
BST-016,PROD-026,8,5,4,52
BST-016,PROD-027,5,4,4,52
BST-016,PROD-028,13,2,4,52
BST-016,PROD-029,14,2,4,52
BST-016,PROD-030,10,4,4,52
BST-016,PROD-031,7,3,4,52
BST-016,PROD-032,7,1,4,52
BST-016,PROD-033,12,4,4,52
BST-016,PROD-034,13,4,4,52
BST-016,PROD-035,39,4,4,52
BST-017,PROD-001,46,1,8,231
BST-017,PROD-002,33,4,10,298
BST-017,PROD-003,24,3,6,164
BST-017,PROD-004,25,0,7,196
BST-017,PROD-005,38,2,9,248
BST-017,PROD-006,16,4,8,214
BST-017,PROD-007,49,5,7,196
BST-017,PROD-008,37,0,6,164
BST-017,PROD-009,25,1,6,182
BST-017,PROD-010,17,5,4,66
BST-017,PROD-011,12,4,4,84
BST-017,PROD-012,16,4,4,98
BST-017,PROD-013,23,3,4,98
BST-017,PROD-014,23,2,5,133
BST-017,PROD-015,12,2,4,66
BST-017,PROD-016,5,4,4,52
BST-017,PROD-017,5,1,4,52
BST-017,PROD-018,12,3,4,52
BST-017,PROD-019,58,4,12,329
BST-017,PROD-020,84,4,15,413
BST-017,PROD-021,48,5,10,298
BST-017,PROD-022,54,4,8,231
BST-017,PROD-023,55,3,7,196
BST-017,PROD-024,30,2,6,164
BST-017,PROD-025,33,3,4,98
BST-017,PROD-026,23,5,4,84
BST-017,PROD-027,5,5,4,66
BST-017,PROD-028,23,1,4,66
BST-017,PROD-029,11,0,4,52
BST-017,PROD-030,21,1,4,66
BST-017,PROD-031,13,4,4,52
BST-017,PROD-032,11,1,4,52
BST-017,PROD-033,4,3,4,52
BST-017,PROD-034,13,1,4,52
BST-017,PROD-035,39,0,4,52
BST-018,PROD-001,27,1,7,200
BST-018,PROD-002,30,0,9,256
BST-018,PROD-003,21,4,5,144
BST-018,PROD-004,14,5,6,172
BST-018,PROD-005,3,3,8,214
BST-018,PROD-006,29,0,7,186
BST-018,PROD-007,28,0,6,172
BST-018,PROD-008,20,2,5,144
BST-018,PROD-009,34,5,6,158
BST-018,PROD-010,18,5,4,56
BST-018,PROD-011,7,0,4,70
BST-018,PROD-012,19,5,4,84
BST-018,PROD-013,12,3,4,84
BST-018,PROD-014,12,0,4,116
BST-018,PROD-015,10,1,4,56
BST-018,PROD-016,13,0,4,52
BST-018,PROD-017,18,1,4,52
BST-018,PROD-018,14,0,4,52
BST-018,PROD-019,64,4,10,287
BST-018,PROD-020,62,1,13,357
BST-018,PROD-021,0,0,9,256
BST-018,PROD-022,23,4,7,200
BST-018,PROD-023,26,4,6,172
BST-018,PROD-024,24,2,5,144
BST-018,PROD-025,11,4,4,84
BST-018,PROD-026,18,2,4,70
BST-018,PROD-027,10,0,4,56
BST-018,PROD-028,8,5,4,56
BST-018,PROD-029,7,1,4,52
BST-018,PROD-030,7,1,4,56
BST-018,PROD-031,13,2,4,52
BST-018,PROD-032,6,2,4,52
BST-018,PROD-033,15,0,4,52
BST-018,PROD-034,13,5,4,52
BST-018,PROD-035,39,4,4,52
BST-019,PROD-001,27,5,7,192
BST-019,PROD-002,43,2,9,245
BST-019,PROD-003,9,0,5,136
BST-019,PROD-004,18,1,6,164
BST-019,PROD-005,51,3,7,206
BST-019,PROD-006,32,1,6,178
BST-019,PROD-007,53,5,6,164
BST-019,PROD-008,12,3,5,136
BST-019,PROD-009,16,3,5,150
BST-019,PROD-010,19,3,4,56
BST-019,PROD-011,11,3,4,70
BST-019,PROD-012,23,4,4,80
BST-019,PROD-013,16,0,4,80
BST-019,PROD-014,25,2,4,108
BST-019,PROD-015,15,0,4,56
BST-019,PROD-016,13,5,4,52
BST-019,PROD-017,10,2,4,52
BST-019,PROD-018,6,3,4,52
BST-019,PROD-019,67,1,10,273
BST-019,PROD-020,66,2,12,343
BST-019,PROD-021,45,4,9,245
BST-019,PROD-022,54,2,7,192
BST-019,PROD-023,24,3,6,164
BST-019,PROD-024,7,0,5,136
BST-019,PROD-025,24,3,4,80
BST-019,PROD-026,16,3,4,70
BST-019,PROD-027,12,2,4,56
BST-019,PROD-028,18,3,4,56
BST-019,PROD-029,13,1,4,52
BST-019,PROD-030,12,2,4,56
BST-019,PROD-031,7,0,4,52
BST-019,PROD-032,13,1,4,52
BST-019,PROD-033,16,0,4,52
BST-019,PROD-034,13,1,4,52
BST-019,PROD-035,39,0,4,52
BST-020,PROD-001,43,2,6,178
BST-020,PROD-002,62,0,8,228
BST-020,PROD-003,31,1,4,126
BST-020,PROD-004,0,0,5,154
BST-020,PROD-005,0,0,7,189
BST-020,PROD-006,0,0,6,164
BST-020,PROD-007,24,5,5,154
BST-020,PROD-008,19,0,4,126
BST-020,PROD-009,17,3,5,140
BST-020,PROD-010,5,2,4,52
BST-020,PROD-011,7,0,4,63
BST-020,PROD-012,17,2,4,77
BST-020,PROD-013,6,1,4,77
BST-020,PROD-014,22,0,4,102
BST-020,PROD-015,16,1,4,52
BST-020,PROD-016,5,5,4,52
BST-020,PROD-017,13,1,4,52
BST-020,PROD-018,14,2,4,52
BST-020,PROD-019,2,1,9,256
BST-020,PROD-020,27,0,11,318
BST-020,PROD-021,50,5,8,228
BST-020,PROD-022,35,1,6,178
BST-020,PROD-023,27,0,5,154
BST-020,PROD-024,15,0,4,126
BST-020,PROD-025,16,3,4,77
BST-020,PROD-026,8,3,4,63
BST-020,PROD-027,18,4,4,52
BST-020,PROD-028,13,5,4,52
BST-020,PROD-029,7,0,4,52
BST-020,PROD-030,3,3,4,52
BST-020,PROD-031,10,2,4,52
BST-020,PROD-032,14,4,4,52
BST-020,PROD-033,11,2,4,52
BST-020,PROD-034,13,4,4,52
BST-020,PROD-035,39,4,4,52
BST-021,PROD-001,26,0,7,192
BST-021,PROD-002,40,1,9,248
BST-021,PROD-003,28,0,5,136
BST-021,PROD-004,25,2,6,164
BST-021,PROD-005,29,2,7,206
BST-021,PROD-006,5,5,6,178
BST-021,PROD-007,37,4,6,164
BST-021,PROD-008,16,0,5,136
BST-021,PROD-009,47,4,5,150
BST-021,PROD-010,19,1,4,56
BST-021,PROD-011,9,3,4,70
BST-021,PROD-012,7,0,4,84
BST-021,PROD-013,16,5,4,84
BST-021,PROD-014,25,4,4,108
BST-021,PROD-015,15,5,4,56
BST-021,PROD-016,6,2,4,52
BST-021,PROD-017,12,4,4,52
BST-021,PROD-018,15,0,4,52
BST-021,PROD-019,65,5,10,273
BST-021,PROD-020,55,5,12,343
BST-021,PROD-021,19,5,9,248
BST-021,PROD-022,29,0,7,192
BST-021,PROD-023,10,2,6,164
BST-021,PROD-024,21,5,5,136
BST-021,PROD-025,29,1,4,84
BST-021,PROD-026,10,1,4,70
BST-021,PROD-027,14,3,4,56
BST-021,PROD-028,4,4,4,56
BST-021,PROD-029,14,0,4,52
BST-021,PROD-030,17,0,4,56
BST-021,PROD-031,14,1,4,52
BST-021,PROD-032,17,4,4,52
BST-021,PROD-033,17,3,4,52
BST-021,PROD-034,13,0,4,52
BST-021,PROD-035,39,1,4,52
BST-022,PROD-001,47,1,9,252
BST-022,PROD-002,41,5,11,322
BST-022,PROD-003,20,1,6,178
BST-022,PROD-004,33,2,8,214
BST-022,PROD-005,43,3,9,270
BST-022,PROD-006,35,1,8,231
BST-022,PROD-007,11,4,8,214
BST-022,PROD-008,27,1,6,178
BST-022,PROD-009,18,3,7,196
BST-022,PROD-010,9,5,4,70
BST-022,PROD-011,10,3,4,91
BST-022,PROD-012,16,3,4,108
BST-022,PROD-013,23,0,4,108
BST-022,PROD-014,39,4,5,144
BST-022,PROD-015,12,5,4,70
BST-022,PROD-016,19,4,4,52
BST-022,PROD-017,16,3,4,52
BST-022,PROD-018,11,5,4,52
BST-022,PROD-019,18,4,13,357
BST-022,PROD-020,37,2,16,448
BST-022,PROD-021,85,4,11,322
BST-022,PROD-022,14,2,9,252
BST-022,PROD-023,56,3,8,214
BST-022,PROD-024,14,2,6,178
BST-022,PROD-025,17,1,4,108
BST-022,PROD-026,21,1,4,91
BST-022,PROD-027,14,5,4,70
BST-022,PROD-028,20,1,4,70
BST-022,PROD-029,6,4,4,52
BST-022,PROD-030,20,5,4,70
BST-022,PROD-031,13,3,4,52
BST-022,PROD-032,10,0,4,52
BST-022,PROD-033,14,1,4,52
BST-022,PROD-034,13,5,4,52
BST-022,PROD-035,39,2,4,52
BST-023,PROD-001,23,2,6,164
BST-023,PROD-002,24,2,7,210
BST-023,PROD-003,22,0,4,116
BST-023,PROD-004,0,0,5,140
BST-023,PROD-005,0,0,6,175
BST-023,PROD-006,0,0,5,150
BST-023,PROD-007,8,5,5,140
BST-023,PROD-008,0,0,4,116
BST-023,PROD-009,11,2,5,130
BST-023,PROD-010,16,2,4,52
BST-023,PROD-011,17,5,4,60
BST-023,PROD-012,12,4,4,70
BST-023,PROD-013,9,4,4,70
BST-023,PROD-014,13,5,4,94
BST-023,PROD-015,16,3,4,52
BST-023,PROD-016,6,4,4,52
BST-023,PROD-017,13,3,4,52
BST-023,PROD-018,17,5,4,52
BST-023,PROD-019,18,1,8,234
BST-023,PROD-020,74,4,10,290
BST-023,PROD-021,38,3,7,210
BST-023,PROD-022,38,1,6,164
BST-023,PROD-023,33,3,5,140
BST-023,PROD-024,6,3,4,116
BST-023,PROD-025,21,0,4,70
BST-023,PROD-026,14,5,4,60
BST-023,PROD-027,17,5,4,52
BST-023,PROD-028,12,0,4,52
BST-023,PROD-029,13,0,4,52
BST-023,PROD-030,16,0,4,52
BST-023,PROD-031,7,5,4,52
BST-023,PROD-032,7,1,4,52
BST-023,PROD-033,14,5,4,52
BST-023,PROD-034,13,3,4,52
BST-023,PROD-035,39,5,4,52
BST-024,PROD-001,47,1,8,238
BST-024,PROD-002,42,1,11,308
BST-024,PROD-003,28,3,6,172
BST-024,PROD-004,4,1,7,206
BST-024,PROD-005,27,0,9,256
BST-024,PROD-006,7,0,8,220
BST-024,PROD-007,47,4,7,206
BST-024,PROD-008,21,2,6,172
BST-024,PROD-009,55,3,7,189
BST-024,PROD-010,7,1,4,70
BST-024,PROD-011,9,0,4,84
BST-024,PROD-012,11,2,4,102
BST-024,PROD-013,17,4,4,102
BST-024,PROD-014,43,1,5,136
BST-024,PROD-015,25,4,4,70
BST-024,PROD-016,6,0,4,52
BST-024,PROD-017,13,5,4,52
BST-024,PROD-018,15,2,4,52
BST-024,PROD-019,64,5,12,343
BST-024,PROD-020,78,0,15,427
BST-024,PROD-021,61,1,11,308
BST-024,PROD-022,15,0,8,238
BST-024,PROD-023,48,5,7,206
BST-024,PROD-024,27,2,6,172
BST-024,PROD-025,20,1,4,102
BST-024,PROD-026,10,2,4,84
BST-024,PROD-027,24,0,4,70
BST-024,PROD-028,6,1,4,70
BST-024,PROD-029,5,3,4,52
BST-024,PROD-030,14,5,4,70
BST-024,PROD-031,11,0,4,52
BST-024,PROD-032,9,3,4,52
BST-024,PROD-033,4,2,4,52
BST-024,PROD-034,13,0,4,52
BST-024,PROD-035,39,3,4,52
BST-025,PROD-001,22,0,7,210
BST-025,PROD-002,38,2,9,270
BST-025,PROD-003,19,1,5,150
BST-025,PROD-004,2,0,6,178
BST-025,PROD-005,19,0,8,224
BST-025,PROD-006,10,5,7,192
BST-025,PROD-007,21,1,6,178
BST-025,PROD-008,18,0,5,150
BST-025,PROD-009,51,4,6,164
BST-025,PROD-010,19,0,4,60
BST-025,PROD-011,15,5,4,74
BST-025,PROD-012,29,1,4,91
BST-025,PROD-013,21,0,4,91
BST-025,PROD-014,31,2,4,119
BST-025,PROD-015,6,4,4,60
BST-025,PROD-016,6,3,4,52
BST-025,PROD-017,16,1,4,52
BST-025,PROD-018,13,4,4,52
BST-025,PROD-019,0,0,11,298
BST-025,PROD-020,17,1,13,374
BST-025,PROD-021,43,2,9,270
BST-025,PROD-022,38,2,7,210
BST-025,PROD-023,42,3,6,178
BST-025,PROD-024,25,5,5,150
BST-025,PROD-025,16,3,4,91
BST-025,PROD-026,12,3,4,74
BST-025,PROD-027,15,5,4,60
BST-025,PROD-028,4,0,4,60
BST-025,PROD-029,6,3,4,52
BST-025,PROD-030,17,4,4,60
BST-025,PROD-031,14,1,4,52
BST-025,PROD-032,17,2,4,52
BST-025,PROD-033,8,1,4,52
BST-025,PROD-034,13,3,4,52
BST-025,PROD-035,39,4,4,52
BST-026,PROD-001,10,1,4,102
BST-026,PROD-002,17,1,5,130
BST-026,PROD-003,14,4,4,74
BST-026,PROD-004,0,0,4,88
BST-026,PROD-005,0,0,4,108
BST-026,PROD-006,0,0,4,94
BST-026,PROD-007,12,5,4,88
BST-026,PROD-008,11,1,4,74
BST-026,PROD-009,17,3,4,80
BST-026,PROD-010,9,4,4,52
BST-026,PROD-011,10,4,4,52
BST-026,PROD-012,16,4,4,52
BST-026,PROD-013,10,1,4,52
BST-026,PROD-014,5,3,4,60
BST-026,PROD-015,1,0,4,52
BST-026,PROD-016,12,5,4,52
BST-026,PROD-017,13,4,4,52
BST-026,PROD-018,13,2,4,52
BST-026,PROD-019,43,2,5,147
BST-026,PROD-020,41,3,6,182
BST-026,PROD-021,32,2,5,130
BST-026,PROD-022,20,3,4,102
BST-026,PROD-023,28,2,4,88
BST-026,PROD-024,9,3,4,74
BST-026,PROD-025,13,3,4,52
BST-026,PROD-026,16,4,4,52
BST-026,PROD-027,9,2,4,52
BST-026,PROD-028,16,5,4,52
BST-026,PROD-029,5,1,4,52
BST-026,PROD-030,10,2,4,52
BST-026,PROD-031,12,1,4,52
BST-026,PROD-032,14,3,4,52
BST-026,PROD-033,13,2,4,52
BST-026,PROD-034,13,5,4,52
BST-026,PROD-035,39,0,4,52
BST-027,PROD-001,24,2,6,182
BST-027,PROD-002,53,1,8,234
BST-027,PROD-003,24,5,5,130
BST-027,PROD-004,100,0,5,154
BST-027,PROD-005,0,0,7,196
BST-027,PROD-006,0,0,6,168
BST-027,PROD-007,20,4,5,154
BST-027,PROD-008,19,1,5,130
BST-027,PROD-009,0,0,5,144
BST-027,PROD-010,17,5,4,52
BST-027,PROD-011,6,3,4,66
BST-027,PROD-012,12,1,4,77
BST-027,PROD-013,14,1,4,77
BST-027,PROD-014,24,2,4,105
BST-027,PROD-015,3,2,4,52
BST-027,PROD-016,3,3,4,52
BST-027,PROD-017,13,5,4,52
BST-027,PROD-018,12,2,4,52
BST-027,PROD-019,7,0,9,259
BST-027,PROD-020,76,4,11,326
BST-027,PROD-021,26,4,8,234
BST-027,PROD-022,26,1,6,182
BST-027,PROD-023,43,2,5,154
BST-027,PROD-024,21,1,5,130
BST-027,PROD-025,4,4,4,77
BST-027,PROD-026,13,0,4,66
BST-027,PROD-027,13,4,4,52
BST-027,PROD-028,17,4,4,52
BST-027,PROD-029,9,5,4,52
BST-027,PROD-030,6,2,4,52
BST-027,PROD-031,14,0,4,52
BST-027,PROD-032,14,0,4,52
BST-027,PROD-033,13,4,4,52
BST-027,PROD-034,13,1,4,52
BST-027,PROD-035,39,2,4,52
BST-028,PROD-001,9,5,6,175
BST-028,PROD-002,40,3,8,224
BST-028,PROD-003,30,1,4,122
BST-028,PROD-004,0,0,5,147
BST-028,PROD-005,0,0,7,186
BST-028,PROD-006,0,0,6,161
BST-028,PROD-007,16,4,5,147
BST-028,PROD-008,0,0,4,122
BST-028,PROD-009,8,2,5,136
BST-028,PROD-010,4,2,4,52
BST-028,PROD-011,19,3,4,63
BST-028,PROD-012,20,1,4,74
BST-028,PROD-013,10,0,4,74
BST-028,PROD-014,10,3,4,98
BST-028,PROD-015,18,0,4,52
BST-028,PROD-016,9,3,4,52
BST-028,PROD-017,13,1,4,52
BST-028,PROD-018,8,0,4,52
BST-028,PROD-019,33,3,9,248
BST-028,PROD-020,39,5,11,312
BST-028,PROD-021,31,0,8,224
BST-028,PROD-022,31,1,6,175
BST-028,PROD-023,42,5,5,147
BST-028,PROD-024,32,1,4,122
BST-028,PROD-025,11,1,4,74
BST-028,PROD-026,16,4,4,63
BST-028,PROD-027,15,1,4,52
BST-028,PROD-028,7,2,4,52
BST-028,PROD-029,6,4,4,52
BST-028,PROD-030,8,3,4,52
BST-028,PROD-031,12,5,4,52
BST-028,PROD-032,16,1,4,52
BST-028,PROD-033,14,1,4,52
BST-028,PROD-034,13,5,4,52
BST-028,PROD-035,39,0,4,52
BST-029,PROD-001,7,2,5,147
BST-029,PROD-002,38,4,7,189
BST-029,PROD-003,10,0,4,105
BST-029,PROD-004,0,0,4,126
BST-029,PROD-005,0,0,6,158
BST-029,PROD-006,0,0,5,136
BST-029,PROD-007,15,5,4,126
BST-029,PROD-008,19,1,4,105
BST-029,PROD-009,15,5,4,116
BST-029,PROD-010,5,4,4,52
BST-029,PROD-011,16,3,4,52
BST-029,PROD-012,6,5,4,63
BST-029,PROD-013,11,0,4,63
BST-029,PROD-014,5,1,4,84
BST-029,PROD-015,4,1,4,52
BST-029,PROD-016,3,0,4,52
BST-029,PROD-017,13,4,4,52
BST-029,PROD-018,6,0,4,52
BST-029,PROD-019,19,1,7,210
BST-029,PROD-020,55,2,9,262
BST-029,PROD-021,16,0,7,189
BST-029,PROD-022,21,2,5,147
BST-029,PROD-023,30,2,4,126
BST-029,PROD-024,11,2,4,105
BST-029,PROD-025,5,3,4,63
BST-029,PROD-026,7,0,4,52
BST-029,PROD-027,8,0,4,52
BST-029,PROD-028,10,5,4,52
BST-029,PROD-029,16,1,4,52
BST-029,PROD-030,10,4,4,52
BST-029,PROD-031,7,3,4,52
BST-029,PROD-032,10,0,4,52
BST-029,PROD-033,5,2,4,52
BST-029,PROD-034,13,0,4,52
BST-029,PROD-035,39,3,4,52
BST-030,PROD-001,2,2,7,200
BST-030,PROD-002,39,1,9,259
BST-030,PROD-003,34,3,5,144
BST-030,PROD-004,0,0,6,172
BST-030,PROD-005,0,0,8,217
BST-030,PROD-006,0,0,7,186
BST-030,PROD-007,0,0,6,172
BST-030,PROD-008,0,0,5,144
BST-030,PROD-009,0,0,6,158
BST-030,PROD-010,9,1,4,56
BST-030,PROD-011,20,2,4,74
BST-030,PROD-012,2,2,4,88
BST-030,PROD-013,20,3,4,88
BST-030,PROD-014,10,3,4,116
BST-030,PROD-015,16,1,4,56
BST-030,PROD-016,3,3,4,52
BST-030,PROD-017,4,4,4,52
BST-030,PROD-018,11,5,4,52
BST-030,PROD-019,85,2,10,287
BST-030,PROD-020,101,4,13,360
BST-030,PROD-021,60,1,9,259
BST-030,PROD-022,22,4,7,200
BST-030,PROD-023,19,1,6,172
BST-030,PROD-024,10,3,5,144
BST-030,PROD-025,20,5,4,88
BST-030,PROD-026,23,1,4,74
BST-030,PROD-027,3,3,4,56
BST-030,PROD-028,11,3,4,56
BST-030,PROD-029,9,2,4,52
BST-030,PROD-030,8,3,4,56
BST-030,PROD-031,7,0,4,52
BST-030,PROD-032,7,1,4,52
BST-030,PROD-033,8,2,4,52
BST-030,PROD-034,13,0,4,52
BST-030,PROD-035,39,3,4,52
BST-031,PROD-001,19,1,6,168
BST-031,PROD-002,63,5,8,217
BST-031,PROD-003,4,0,4,119
BST-031,PROD-004,23,1,5,144
BST-031,PROD-005,0,0,6,178
BST-031,PROD-006,30,5,6,158
BST-031,PROD-007,11,0,5,144
BST-031,PROD-008,17,5,4,119
BST-031,PROD-009,7,2,5,133
BST-031,PROD-010,10,5,4,52
BST-031,PROD-011,6,5,4,60
BST-031,PROD-012,23,1,4,74
BST-031,PROD-013,19,2,4,74
BST-031,PROD-014,19,0,4,94
BST-031,PROD-015,15,0,4,52
BST-031,PROD-016,6,3,4,52
BST-031,PROD-017,13,5,4,52
BST-031,PROD-018,6,0,4,52
BST-031,PROD-019,11,0,8,242
BST-031,PROD-020,16,3,11,301
BST-031,PROD-021,57,1,8,217
BST-031,PROD-022,39,1,6,168
BST-031,PROD-023,22,2,5,144
BST-031,PROD-024,31,4,4,119
BST-031,PROD-025,16,4,4,74
BST-031,PROD-026,8,4,4,60
BST-031,PROD-027,14,5,4,52
BST-031,PROD-028,10,4,4,52
BST-031,PROD-029,18,1,4,52
BST-031,PROD-030,7,4,4,52
BST-031,PROD-031,11,2,4,52
BST-031,PROD-032,16,5,4,52
BST-031,PROD-033,7,3,4,52
BST-031,PROD-034,13,4,4,52
BST-031,PROD-035,39,4,4,52
BST-032,PROD-001,4,1,4,126
BST-032,PROD-002,20,4,6,161
BST-032,PROD-003,2,2,4,88
BST-032,PROD-004,0,0,4,105
BST-032,PROD-005,0,0,5,133
BST-032,PROD-006,0,0,4,116
BST-032,PROD-007,18,2,4,105
BST-032,PROD-008,12,2,4,88
BST-032,PROD-009,15,2,4,98
BST-032,PROD-010,14,0,4,52
BST-032,PROD-011,5,1,4,52
BST-032,PROD-012,16,4,4,52
BST-032,PROD-013,16,0,4,52
BST-032,PROD-014,11,0,4,70
BST-032,PROD-015,11,2,4,52
BST-032,PROD-016,17,0,4,52
BST-032,PROD-017,13,1,4,52
BST-032,PROD-018,7,4,4,52
BST-032,PROD-019,13,4,6,178
BST-032,PROD-020,43,4,8,224
BST-032,PROD-021,34,0,6,161
BST-032,PROD-022,28,5,4,126
BST-032,PROD-023,22,0,4,105
BST-032,PROD-024,26,2,4,88
BST-032,PROD-025,7,0,4,52
BST-032,PROD-026,16,3,4,52
BST-032,PROD-027,14,1,4,52
BST-032,PROD-028,11,2,4,52
BST-032,PROD-029,3,2,4,52
BST-032,PROD-030,12,4,4,52
BST-032,PROD-031,7,2,4,52
BST-032,PROD-032,11,2,4,52
BST-032,PROD-033,9,2,4,52
BST-032,PROD-034,13,0,4,52
BST-032,PROD-035,39,5,4,52
BST-033,PROD-001,42,3,11,298
BST-033,PROD-002,68,1,14,382
BST-033,PROD-003,28,0,8,214
BST-033,PROD-004,14,1,9,256
BST-033,PROD-005,65,0,11,318
BST-033,PROD-006,0,0,10,276
BST-033,PROD-007,53,0,9,256
BST-033,PROD-008,59,1,8,214
BST-033,PROD-009,70,4,8,234
BST-033,PROD-010,22,5,4,84
BST-033,PROD-011,24,4,4,105
BST-033,PROD-012,31,0,5,126
BST-033,PROD-013,6,1,5,126
BST-033,PROD-014,28,4,6,172
BST-033,PROD-015,22,5,4,84
BST-033,PROD-016,20,2,4,63
BST-033,PROD-017,5,0,4,52
BST-033,PROD-018,6,3,4,52
BST-033,PROD-019,20,0,15,424
BST-033,PROD-020,27,5,19,532
BST-033,PROD-021,84,5,14,382
BST-033,PROD-022,54,5,11,298
BST-033,PROD-023,68,5,9,256
BST-033,PROD-024,33,1,8,214
BST-033,PROD-025,17,3,5,126
BST-033,PROD-026,21,5,4,105
BST-033,PROD-027,26,1,4,84
BST-033,PROD-028,15,0,4,84
BST-033,PROD-029,10,0,4,63
BST-033,PROD-030,13,4,4,84
BST-033,PROD-031,7,5,4,52
BST-033,PROD-032,7,0,4,52
BST-033,PROD-033,8,4,4,52
BST-033,PROD-034,13,1,4,52
BST-033,PROD-035,39,2,4,52
BST-034,PROD-001,51,4,12,329
BST-034,PROD-002,69,4,15,424
BST-034,PROD-003,37,4,8,234
BST-034,PROD-004,37,4,10,284
BST-034,PROD-005,0,0,13,354
BST-034,PROD-006,28,1,11,308
BST-034,PROD-007,42,5,10,284
BST-034,PROD-008,44,0,8,234
BST-034,PROD-009,48,4,9,259
BST-034,PROD-010,30,4,4,94
BST-034,PROD-011,21,2,4,119
BST-034,PROD-012,18,3,5,140
BST-034,PROD-013,36,2,5,140
BST-034,PROD-014,26,2,7,189
BST-034,PROD-015,14,2,4,94
BST-034,PROD-016,24,1,4,70
BST-034,PROD-017,15,0,4,52
BST-034,PROD-018,18,1,4,52
BST-034,PROD-019,39,3,17,472
BST-034,PROD-020,19,2,21,588
BST-034,PROD-021,97,2,15,424
BST-034,PROD-022,74,5,12,329
BST-034,PROD-023,66,3,10,284
BST-034,PROD-024,13,4,8,234
BST-034,PROD-025,27,4,5,140
BST-034,PROD-026,22,3,4,119
BST-034,PROD-027,12,1,4,94
BST-034,PROD-028,23,0,4,94
BST-034,PROD-029,8,5,4,70
BST-034,PROD-030,23,1,4,94
BST-034,PROD-031,7,0,4,52
BST-034,PROD-032,13,2,4,52
BST-034,PROD-033,5,2,4,52
BST-034,PROD-034,17,0,4,52
BST-034,PROD-035,39,1,4,52
BST-035,PROD-001,33,1,4,112
BST-035,PROD-002,17,4,5,144
BST-035,PROD-003,24,1,4,80
BST-035,PROD-004,0,0,4,94
BST-035,PROD-005,0,0,4,119
BST-035,PROD-006,0,0,4,105
BST-035,PROD-007,14,1,4,94
BST-035,PROD-008,21,0,4,80
BST-035,PROD-009,20,3,4,88
BST-035,PROD-010,14,4,4,52
BST-035,PROD-011,18,5,4,52
BST-035,PROD-012,9,4,4,52
BST-035,PROD-013,4,4,4,52
BST-035,PROD-014,0,0,4,63
BST-035,PROD-015,9,4,4,52
BST-035,PROD-016,15,3,4,52
BST-035,PROD-017,13,4,4,52
BST-035,PROD-018,10,3,4,52
BST-035,PROD-019,12,3,6,161
BST-035,PROD-020,28,2,7,200
BST-035,PROD-021,31,4,5,144
BST-035,PROD-022,33,4,4,112
BST-035,PROD-023,14,0,4,94
BST-035,PROD-024,14,5,4,80
BST-035,PROD-025,8,0,4,52
BST-035,PROD-026,17,1,4,52
BST-035,PROD-027,4,3,4,52
BST-035,PROD-028,8,1,4,52
BST-035,PROD-029,16,0,4,52
BST-035,PROD-030,17,3,4,52
BST-035,PROD-031,12,4,4,52
BST-035,PROD-032,8,4,4,52
BST-035,PROD-033,13,1,4,52
BST-035,PROD-034,13,0,4,52
BST-035,PROD-035,39,0,4,52
BST-036,PROD-001,28,2,7,192
BST-036,PROD-002,39,0,9,248
BST-036,PROD-003,18,1,5,136
BST-036,PROD-004,30,0,6,164
BST-036,PROD-005,27,0,7,206
BST-036,PROD-006,0,0,6,178
BST-036,PROD-007,13,3,6,164
BST-036,PROD-008,12,5,5,136
BST-036,PROD-009,21,4,5,150
BST-036,PROD-010,6,2,4,56
BST-036,PROD-011,21,4,4,70
BST-036,PROD-012,27,3,4,84
BST-036,PROD-013,13,5,4,84
BST-036,PROD-014,19,0,4,108
BST-036,PROD-015,10,1,4,56
BST-036,PROD-016,10,3,4,52
BST-036,PROD-017,6,3,4,52
BST-036,PROD-018,16,3,4,52
BST-036,PROD-019,16,1,10,273
BST-036,PROD-020,82,5,12,343
BST-036,PROD-021,48,5,9,248
BST-036,PROD-022,20,5,7,192
BST-036,PROD-023,42,5,6,164
BST-036,PROD-024,18,0,5,136
BST-036,PROD-025,24,4,4,84
BST-036,PROD-026,7,4,4,70
BST-036,PROD-027,9,1,4,56
BST-036,PROD-028,19,3,4,56
BST-036,PROD-029,7,1,4,52
BST-036,PROD-030,16,4,4,56
BST-036,PROD-031,14,2,4,52
BST-036,PROD-032,17,5,4,52
BST-036,PROD-033,13,4,4,52
BST-036,PROD-034,13,0,4,52
BST-036,PROD-035,39,2,4,52
BST-037,PROD-001,18,5,7,206
BST-037,PROD-002,61,3,9,266
BST-037,PROD-003,19,5,5,147
BST-037,PROD-004,0,0,6,178
BST-037,PROD-005,22,3,8,220
BST-037,PROD-006,1,1,7,192
BST-037,PROD-007,13,2,6,178
BST-037,PROD-008,36,2,5,147
BST-037,PROD-009,43,1,6,161
BST-037,PROD-010,15,2,4,60
BST-037,PROD-011,17,0,4,74
BST-037,PROD-012,21,5,4,88
BST-037,PROD-013,5,4,4,88
BST-037,PROD-014,9,0,4,119
BST-037,PROD-015,6,3,4,60
BST-037,PROD-016,18,0,4,52
BST-037,PROD-017,7,3,4,52
BST-037,PROD-018,12,3,4,52
BST-037,PROD-019,43,2,10,294
BST-037,PROD-020,0,0,13,368
BST-037,PROD-021,43,3,9,266
BST-037,PROD-022,11,2,7,206
BST-037,PROD-023,37,0,6,178
BST-037,PROD-024,9,3,5,147
BST-037,PROD-025,28,2,4,88
BST-037,PROD-026,18,1,4,74
BST-037,PROD-027,15,2,4,60
BST-037,PROD-028,8,1,4,60
BST-037,PROD-029,9,5,4,52
BST-037,PROD-030,13,3,4,60
BST-037,PROD-031,7,0,4,52
BST-037,PROD-032,13,4,4,52
BST-037,PROD-033,10,0,4,52
BST-037,PROD-034,13,5,4,52
BST-037,PROD-035,39,5,4,52
BST-038,PROD-001,12,2,5,144
BST-038,PROD-002,32,4,7,186
BST-038,PROD-003,17,0,4,102
BST-038,PROD-004,0,0,4,122
BST-038,PROD-005,0,0,5,154
BST-038,PROD-006,0,0,5,133
BST-038,PROD-007,19,4,4,122
BST-038,PROD-008,0,0,4,102
BST-038,PROD-009,20,4,4,112
BST-038,PROD-010,4,4,4,52
BST-038,PROD-011,17,1,4,52
BST-038,PROD-012,4,4,4,63
BST-038,PROD-013,9,5,4,63
BST-038,PROD-014,12,1,4,80
BST-038,PROD-015,4,0,4,52
BST-038,PROD-016,10,2,4,52
BST-038,PROD-017,13,4,4,52
BST-038,PROD-018,4,1,4,52
BST-038,PROD-019,50,1,7,206
BST-038,PROD-020,24,1,9,256
BST-038,PROD-021,36,5,7,186
BST-038,PROD-022,6,1,5,144
BST-038,PROD-023,15,2,4,122
BST-038,PROD-024,3,0,4,102
BST-038,PROD-025,9,0,4,63
BST-038,PROD-026,18,5,4,52
BST-038,PROD-027,12,2,4,52
BST-038,PROD-028,11,5,4,52
BST-038,PROD-029,10,4,4,52
BST-038,PROD-030,6,4,4,52
BST-038,PROD-031,7,4,4,52
BST-038,PROD-032,12,5,4,52
BST-038,PROD-033,17,2,4,52
BST-038,PROD-034,13,3,4,52
BST-038,PROD-035,39,5,4,52
BST-039,PROD-001,40,5,9,259
BST-039,PROD-002,48,3,12,332
BST-039,PROD-003,23,1,7,186
BST-039,PROD-004,34,1,8,220
BST-039,PROD-005,12,1,10,276
BST-039,PROD-006,3,3,8,242
BST-039,PROD-007,35,3,8,220
BST-039,PROD-008,58,0,7,186
BST-039,PROD-009,41,2,7,203
BST-039,PROD-010,7,2,4,74
BST-039,PROD-011,28,4,4,91
BST-039,PROD-012,28,1,4,112
BST-039,PROD-013,11,3,4,112
BST-039,PROD-014,13,3,5,147
BST-039,PROD-015,14,3,4,74
BST-039,PROD-016,17,3,4,56
BST-039,PROD-017,6,4,4,52
BST-039,PROD-018,11,4,4,52
BST-039,PROD-019,98,3,13,371
BST-039,PROD-020,80,4,16,462
BST-039,PROD-021,70,1,12,332
BST-039,PROD-022,23,5,9,259
BST-039,PROD-023,23,3,8,220
BST-039,PROD-024,43,1,7,186
BST-039,PROD-025,26,1,4,112
BST-039,PROD-026,28,4,4,91
BST-039,PROD-027,7,5,4,74
BST-039,PROD-028,16,0,4,74
BST-039,PROD-029,18,2,4,56
BST-039,PROD-030,5,3,4,74
BST-039,PROD-031,7,2,4,52
BST-039,PROD-032,7,2,4,52
BST-039,PROD-033,15,2,4,52
BST-039,PROD-034,13,4,4,52
BST-039,PROD-035,39,4,4,52
BST-040,PROD-001,33,1,8,214
BST-040,PROD-002,62,0,10,276
BST-040,PROD-003,23,0,5,154
BST-040,PROD-004,14,3,6,182
BST-040,PROD-005,0,0,8,228
BST-040,PROD-006,34,4,7,200
BST-040,PROD-007,29,1,6,182
BST-040,PROD-008,48,1,5,154
BST-040,PROD-009,38,1,6,168
BST-040,PROD-010,17,5,4,60
BST-040,PROD-011,16,0,4,77
BST-040,PROD-012,28,1,4,91
BST-040,PROD-013,7,0,4,91
BST-040,PROD-014,29,4,4,122
BST-040,PROD-015,13,5,4,60
BST-040,PROD-016,17,5,4,52
BST-040,PROD-017,15,1,4,52
BST-040,PROD-018,13,1,4,52
BST-040,PROD-019,72,3,11,304
BST-040,PROD-020,22,5,14,382
BST-040,PROD-021,17,4,10,276
BST-040,PROD-022,35,0,8,214
BST-040,PROD-023,31,5,6,182
BST-040,PROD-024,39,2,5,154
BST-040,PROD-025,23,3,4,91
BST-040,PROD-026,26,5,4,77
BST-040,PROD-027,20,0,4,60
BST-040,PROD-028,7,5,4,60
BST-040,PROD-029,14,1,4,52
BST-040,PROD-030,15,3,4,60
BST-040,PROD-031,12,3,4,52
BST-040,PROD-032,13,3,4,52
BST-040,PROD-033,8,4,4,52
BST-040,PROD-034,13,1,4,52
BST-040,PROD-035,39,1,4,52
BST-041,PROD-001,8,0,7,206
BST-041,PROD-002,75,1,9,266
BST-041,PROD-003,32,0,5,147
BST-041,PROD-004,10,2,6,178
BST-041,PROD-005,15,0,8,224
BST-041,PROD-006,35,4,7,192
BST-041,PROD-007,9,4,6,178
BST-041,PROD-008,39,5,5,147
BST-041,PROD-009,32,0,6,164
BST-041,PROD-010,3,2,4,60
BST-041,PROD-011,11,1,4,74
BST-041,PROD-012,14,3,4,88
BST-041,PROD-013,19,2,4,88
BST-041,PROD-014,20,2,4,119
BST-041,PROD-015,8,5,4,60
BST-041,PROD-016,9,4,4,52
BST-041,PROD-017,18,5,4,52
BST-041,PROD-018,18,4,4,52
BST-041,PROD-019,81,1,11,298
BST-041,PROD-020,95,5,13,371
BST-041,PROD-021,75,0,9,266
BST-041,PROD-022,33,4,7,206
BST-041,PROD-023,25,4,6,178
BST-041,PROD-024,38,1,5,147
BST-041,PROD-025,17,3,4,88
BST-041,PROD-026,4,0,4,74
BST-041,PROD-027,14,4,4,60
BST-041,PROD-028,14,3,4,60
BST-041,PROD-029,14,2,4,52
BST-041,PROD-030,5,2,4,60
BST-041,PROD-031,11,0,4,52
BST-041,PROD-032,15,2,4,52
BST-041,PROD-033,13,4,4,52
BST-041,PROD-034,13,1,4,52
BST-041,PROD-035,39,5,4,52
BST-042,PROD-001,31,3,10,280
BST-042,PROD-002,37,3,13,360
BST-042,PROD-003,22,5,7,200
BST-042,PROD-004,45,0,9,242
BST-042,PROD-005,45,4,11,301
BST-042,PROD-006,0,0,9,262
BST-042,PROD-007,55,1,9,242
BST-042,PROD-008,14,2,7,200
BST-042,PROD-009,35,5,8,220
BST-042,PROD-010,22,1,4,80
BST-042,PROD-011,30,3,4,102
BST-042,PROD-012,20,4,4,119
BST-042,PROD-013,38,3,4,119
BST-042,PROD-014,27,4,6,161
BST-042,PROD-015,14,5,4,80
BST-042,PROD-016,11,4,4,60
BST-042,PROD-017,6,2,4,52
BST-042,PROD-018,7,5,4,52
BST-042,PROD-019,77,3,14,402
BST-042,PROD-020,29,5,18,500
BST-042,PROD-021,59,4,13,360
BST-042,PROD-022,54,0,10,280
BST-042,PROD-023,41,3,9,242
BST-042,PROD-024,61,4,7,200
BST-042,PROD-025,36,5,4,119
BST-042,PROD-026,14,5,4,102
BST-042,PROD-027,16,0,4,80
BST-042,PROD-028,6,2,4,80
BST-042,PROD-029,14,0,4,60
BST-042,PROD-030,8,3,4,80
BST-042,PROD-031,11,0,4,52
BST-042,PROD-032,14,0,4,52
BST-042,PROD-033,13,0,4,52
BST-042,PROD-034,13,1,4,52
BST-042,PROD-035,39,1,4,52
BST-043,PROD-001,20,2,6,182
BST-043,PROD-002,42,4,8,234
BST-043,PROD-003,20,4,5,130
BST-043,PROD-004,13,3,6,158
BST-043,PROD-005,40,0,7,196
BST-043,PROD-006,21,1,6,172
BST-043,PROD-007,49,1,6,158
BST-043,PROD-008,9,0,5,130
BST-043,PROD-009,7,0,5,144
BST-043,PROD-010,11,1,4,52
BST-043,PROD-011,22,0,4,66
BST-043,PROD-012,16,5,4,77
BST-043,PROD-013,19,0,4,77
BST-043,PROD-014,29,4,4,105
BST-043,PROD-015,6,2,4,52
BST-043,PROD-016,5,4,4,52
BST-043,PROD-017,13,4,4,52
BST-043,PROD-018,11,4,4,52
BST-043,PROD-019,14,2,9,262
BST-043,PROD-020,15,3,12,326
BST-043,PROD-021,39,5,8,234
BST-043,PROD-022,21,4,6,182
BST-043,PROD-023,11,5,6,158
BST-043,PROD-024,14,3,5,130
BST-043,PROD-025,26,2,4,77
BST-043,PROD-026,10,0,4,66
BST-043,PROD-027,9,3,4,52
BST-043,PROD-028,9,2,4,52
BST-043,PROD-029,7,2,4,52
BST-043,PROD-030,7,1,4,52
BST-043,PROD-031,3,0,4,52
BST-043,PROD-032,7,2,4,52
BST-043,PROD-033,3,0,4,52
BST-043,PROD-034,13,3,4,52
BST-043,PROD-035,39,1,4,52
BST-044,PROD-001,57,5,10,273
BST-044,PROD-002,60,4,12,350
BST-044,PROD-003,28,5,7,192
BST-044,PROD-004,56,5,8,234
BST-044,PROD-005,38,0,10,290
BST-044,PROD-006,18,1,9,252
BST-044,PROD-007,50,0,8,234
BST-044,PROD-008,25,3,7,192
BST-044,PROD-009,55,0,8,214
BST-044,PROD-010,18,2,4,77
BST-044,PROD-011,6,2,4,98
BST-044,PROD-012,13,4,4,116
BST-044,PROD-013,32,3,4,116
BST-044,PROD-014,24,3,5,154
BST-044,PROD-015,20,3,4,77
BST-044,PROD-016,14,0,4,60
BST-044,PROD-017,13,5,4,52
BST-044,PROD-018,18,1,4,52
BST-044,PROD-019,68,5,14,388
BST-044,PROD-020,76,3,17,486
BST-044,PROD-021,13,3,12,350
BST-044,PROD-022,86,4,10,273
BST-044,PROD-023,46,1,8,234
BST-044,PROD-024,17,3,7,192
BST-044,PROD-025,23,4,4,116
BST-044,PROD-026,5,3,4,98
BST-044,PROD-027,11,1,4,77
BST-044,PROD-028,7,1,4,77
BST-044,PROD-029,8,0,4,60
BST-044,PROD-030,18,1,4,77
BST-044,PROD-031,12,5,4,52
BST-044,PROD-032,15,5,4,52
BST-044,PROD-033,14,0,4,52
BST-044,PROD-034,13,0,4,52
BST-044,PROD-035,39,0,4,52
BST-045,PROD-001,48,1,11,308
BST-045,PROD-002,54,5,14,396
BST-045,PROD-003,32,2,8,220
BST-045,PROD-004,0,0,9,262
BST-045,PROD-005,0,0,12,329
BST-045,PROD-006,41,3,10,287
BST-045,PROD-007,47,2,9,262
BST-045,PROD-008,16,5,8,220
BST-045,PROD-009,54,2,9,242
BST-045,PROD-010,7,2,4,88
BST-045,PROD-011,30,4,4,108
BST-045,PROD-012,11,3,5,133
BST-045,PROD-013,34,5,5,133
BST-045,PROD-014,19,1,6,175
BST-045,PROD-015,20,5,4,88
BST-045,PROD-016,10,3,4,66
BST-045,PROD-017,6,4,4,52
BST-045,PROD-018,15,0,4,52
BST-045,PROD-019,18,5,16,441
BST-045,PROD-020,111,3,19,550
BST-045,PROD-021,79,4,14,396
BST-045,PROD-022,96,3,11,308
BST-045,PROD-023,30,3,9,262
BST-045,PROD-024,61,3,8,220
BST-045,PROD-025,20,0,5,133
BST-045,PROD-026,26,4,4,108
BST-045,PROD-027,23,2,4,88
BST-045,PROD-028,24,4,4,88
BST-045,PROD-029,19,0,4,66
BST-045,PROD-030,23,3,4,88
BST-045,PROD-031,11,0,4,52
BST-045,PROD-032,13,4,4,52
BST-045,PROD-033,9,5,4,52
BST-045,PROD-034,13,3,4,52
BST-045,PROD-035,39,1,4,52
BST-046,PROD-001,20,5,7,189
BST-046,PROD-002,31,4,9,245
BST-046,PROD-003,3,0,5,136
BST-046,PROD-004,5,2,6,161
BST-046,PROD-005,52,0,7,203
BST-046,PROD-006,25,2,6,175
BST-046,PROD-007,40,1,6,161
BST-046,PROD-008,31,4,5,136
BST-046,PROD-009,17,4,5,150
BST-046,PROD-010,9,0,4,52
BST-046,PROD-011,18,2,4,66
BST-046,PROD-012,26,0,4,80
BST-046,PROD-013,27,5,4,80
BST-046,PROD-014,27,5,4,108
BST-046,PROD-015,5,3,4,52
BST-046,PROD-016,14,5,4,52
BST-046,PROD-017,13,4,4,52
BST-046,PROD-018,14,5,4,52
BST-046,PROD-019,0,0,10,270
BST-046,PROD-020,14,2,12,340
BST-046,PROD-021,6,1,9,245
BST-046,PROD-022,23,4,7,189
BST-046,PROD-023,30,1,6,161
BST-046,PROD-024,32,1,5,136
BST-046,PROD-025,24,4,4,80
BST-046,PROD-026,16,5,4,66
BST-046,PROD-027,8,4,4,52
BST-046,PROD-028,10,5,4,52
BST-046,PROD-029,6,3,4,52
BST-046,PROD-030,9,0,4,52
BST-046,PROD-031,14,2,4,52
BST-046,PROD-032,5,5,4,52
BST-046,PROD-033,17,0,4,52
BST-046,PROD-034,13,5,4,52
BST-046,PROD-035,39,3,4,52
BST-047,PROD-001,39,3,7,186
BST-047,PROD-002,34,5,8,238
BST-047,PROD-003,34,4,5,133
BST-047,PROD-004,20,0,6,158
BST-047,PROD-005,15,1,7,196
BST-047,PROD-006,10,0,6,172
BST-047,PROD-007,3,1,6,158
BST-047,PROD-008,3,1,5,133
BST-047,PROD-009,27,5,5,144
BST-047,PROD-010,3,3,4,52
BST-047,PROD-011,9,5,4,66
BST-047,PROD-012,12,1,4,80
BST-047,PROD-013,5,5,4,80
BST-047,PROD-014,19,1,4,105
BST-047,PROD-015,11,4,4,52
BST-047,PROD-016,8,3,4,52
BST-047,PROD-017,16,5,4,52
BST-047,PROD-018,10,0,4,52
BST-047,PROD-019,13,4,9,262
BST-047,PROD-020,76,3,12,329
BST-047,PROD-021,70,5,8,238
BST-047,PROD-022,8,0,7,186
BST-047,PROD-023,31,3,6,158
BST-047,PROD-024,22,3,5,133
BST-047,PROD-025,7,0,4,80
BST-047,PROD-026,8,2,4,66
BST-047,PROD-027,14,1,4,52
BST-047,PROD-028,12,5,4,52
BST-047,PROD-029,13,2,4,52
BST-047,PROD-030,7,4,4,52
BST-047,PROD-031,11,5,4,52
BST-047,PROD-032,9,0,4,52
BST-047,PROD-033,4,2,4,52
BST-047,PROD-034,13,2,4,52
BST-047,PROD-035,39,3,4,52
BST-048,PROD-001,50,1,10,276
BST-048,PROD-002,51,2,13,357
BST-048,PROD-003,25,5,7,200
BST-048,PROD-004,38,1,8,238
BST-048,PROD-005,0,0,11,298
BST-048,PROD-006,3,1,9,259
BST-048,PROD-007,24,0,8,238
BST-048,PROD-008,15,0,7,200
BST-048,PROD-009,55,3,8,217
BST-048,PROD-010,24,3,4,80
BST-048,PROD-011,17,3,4,98
BST-048,PROD-012,21,4,4,119
BST-048,PROD-013,12,4,4,119
BST-048,PROD-014,48,0,6,158
BST-048,PROD-015,28,5,4,80
BST-048,PROD-016,15,4,4,60
BST-048,PROD-017,8,0,4,52
BST-048,PROD-018,11,2,4,52
BST-048,PROD-019,67,4,14,396
BST-048,PROD-020,16,5,18,497
BST-048,PROD-021,89,0,13,357
BST-048,PROD-022,40,2,10,276
BST-048,PROD-023,48,0,8,238
BST-048,PROD-024,44,5,7,200
BST-048,PROD-025,29,0,4,119
BST-048,PROD-026,11,5,4,98
BST-048,PROD-027,11,2,4,80
BST-048,PROD-028,9,2,4,80
BST-048,PROD-029,16,2,4,60
BST-048,PROD-030,24,2,4,80
BST-048,PROD-031,14,2,4,52
BST-048,PROD-032,15,4,4,52
BST-048,PROD-033,11,0,4,52
BST-048,PROD-034,13,1,4,52
BST-048,PROD-035,39,1,4,52
BST-049,PROD-001,40,1,6,175
BST-049,PROD-002,43,2,8,224
BST-049,PROD-003,11,3,4,126
BST-049,PROD-004,0,0,5,150
BST-049,PROD-005,0,0,7,186
BST-049,PROD-006,0,0,6,161
BST-049,PROD-007,0,0,5,150
BST-049,PROD-008,0,0,4,126
BST-049,PROD-009,0,0,5,136
BST-049,PROD-010,11,1,4,52
BST-049,PROD-011,17,5,4,63
BST-049,PROD-012,21,0,4,74
BST-049,PROD-013,23,0,4,74
BST-049,PROD-014,12,0,4,98
BST-049,PROD-015,12,4,4,52
BST-049,PROD-016,12,2,4,52
BST-049,PROD-017,13,2,4,52
BST-049,PROD-018,16,5,4,52
BST-049,PROD-019,64,1,9,248
BST-049,PROD-020,45,0,11,312
BST-049,PROD-021,34,3,8,224
BST-049,PROD-022,28,1,6,175
BST-049,PROD-023,17,3,5,150
BST-049,PROD-024,29,3,4,126
BST-049,PROD-025,15,0,4,74
BST-049,PROD-026,15,5,4,63
BST-049,PROD-027,15,1,4,52
BST-049,PROD-028,3,1,4,52
BST-049,PROD-029,17,1,4,52
BST-049,PROD-030,17,0,4,52
BST-049,PROD-031,9,2,4,52
BST-049,PROD-032,13,5,4,52
BST-049,PROD-033,13,4,4,52
BST-049,PROD-034,13,3,4,52
BST-049,PROD-035,39,1,4,52
BST-050,PROD-001,26,4,6,182
BST-050,PROD-002,23,0,8,234
BST-050,PROD-003,14,3,5,130
BST-050,PROD-004,0,0,5,154
BST-050,PROD-005,0,0,7,196
BST-050,PROD-006,0,0,6,168
BST-050,PROD-007,0,0,5,154
BST-050,PROD-008,0,0,5,130
BST-050,PROD-009,21,5,5,144
BST-050,PROD-010,8,2,4,52
BST-050,PROD-011,17,5,4,66
BST-050,PROD-012,19,0,4,77
BST-050,PROD-013,8,4,4,77
BST-050,PROD-014,3,3,4,105
BST-050,PROD-015,16,2,4,52
BST-050,PROD-016,15,1,4,52
BST-050,PROD-017,13,1,4,52
BST-050,PROD-018,14,0,4,52
BST-050,PROD-019,29,3,9,259
BST-050,PROD-020,17,1,11,326
BST-050,PROD-021,53,1,8,234
BST-050,PROD-022,9,5,6,182
BST-050,PROD-023,3,3,5,154
BST-050,PROD-024,11,1,5,130
BST-050,PROD-025,8,1,4,77
BST-050,PROD-026,3,3,4,66
BST-050,PROD-027,15,1,4,52
BST-050,PROD-028,13,4,4,52
BST-050,PROD-029,4,1,4,52
BST-050,PROD-030,6,5,4,52
BST-050,PROD-031,10,4,4,52
BST-050,PROD-032,7,0,4,52
BST-050,PROD-033,11,1,4,52
BST-050,PROD-034,13,2,4,52
BST-050,PROD-035,39,5,4,52
BST-051,PROD-001,43,0,6,164
BST-051,PROD-002,7,0,7,210
BST-051,PROD-003,17,2,4,116
BST-051,PROD-004,15,5,5,140
BST-051,PROD-005,22,1,6,175
BST-051,PROD-006,0,0,5,150
BST-051,PROD-007,19,4,5,140
BST-051,PROD-008,29,0,4,116
BST-051,PROD-009,32,1,5,130
BST-051,PROD-010,6,0,4,52
BST-051,PROD-011,13,4,4,60
BST-051,PROD-012,11,2,4,70
BST-051,PROD-013,21,3,4,70
BST-051,PROD-014,2,1,4,94
BST-051,PROD-015,14,4,4,52
BST-051,PROD-016,5,1,4,52
BST-051,PROD-017,13,4,4,52
BST-051,PROD-018,14,1,4,52
BST-051,PROD-019,48,0,8,234
BST-051,PROD-020,22,2,10,290
BST-051,PROD-021,43,1,7,210
BST-051,PROD-022,21,2,6,164
BST-051,PROD-023,22,4,5,140
BST-051,PROD-024,12,5,4,116
BST-051,PROD-025,12,1,4,70
BST-051,PROD-026,16,4,4,60
BST-051,PROD-027,16,1,4,52
BST-051,PROD-028,10,3,4,52
BST-051,PROD-029,11,2,4,52
BST-051,PROD-030,15,2,4,52
BST-051,PROD-031,7,0,4,52
BST-051,PROD-032,16,0,4,52
BST-051,PROD-033,8,3,4,52
BST-051,PROD-034,13,5,4,52
BST-051,PROD-035,39,0,4,52
BST-052,PROD-001,48,2,11,301
BST-052,PROD-002,68,3,14,388
BST-052,PROD-003,27,3,8,217
BST-052,PROD-004,0,0,9,259
BST-052,PROD-005,46,3,11,322
BST-052,PROD-006,52,4,10,280
BST-052,PROD-007,50,4,9,259
BST-052,PROD-008,9,2,8,217
BST-052,PROD-009,26,0,8,238
BST-052,PROD-010,7,5,4,88
BST-052,PROD-011,9,0,4,108
BST-052,PROD-012,9,2,5,130
BST-052,PROD-013,16,1,5,130
BST-052,PROD-014,45,0,6,172
BST-052,PROD-015,27,2,4,88
BST-052,PROD-016,14,0,4,63
BST-052,PROD-017,14,4,4,52
BST-052,PROD-018,12,5,4,52
BST-052,PROD-019,60,1,15,430
BST-052,PROD-020,141,5,19,539
BST-052,PROD-021,94,5,14,388
BST-052,PROD-022,39,4,11,301
BST-052,PROD-023,77,5,9,259
BST-052,PROD-024,36,5,8,217
BST-052,PROD-025,20,5,5,130
BST-052,PROD-026,11,0,4,108
BST-052,PROD-027,20,1,4,88
BST-052,PROD-028,5,5,4,88
BST-052,PROD-029,11,4,4,63
BST-052,PROD-030,22,2,4,88
BST-052,PROD-031,11,4,4,52
BST-052,PROD-032,7,0,4,52
BST-052,PROD-033,9,1,4,52
BST-052,PROD-034,13,4,4,52
BST-052,PROD-035,39,2,4,52
BST-053,PROD-001,35,4,9,248
BST-053,PROD-002,33,3,11,318
BST-053,PROD-003,20,5,6,178
BST-053,PROD-004,16,3,8,214
BST-053,PROD-005,0,0,9,266
BST-053,PROD-006,49,3,8,231
BST-053,PROD-007,59,5,8,214
BST-053,PROD-008,22,0,6,178
BST-053,PROD-009,51,3,7,196
BST-053,PROD-010,18,2,4,70
BST-053,PROD-011,13,5,4,88
BST-053,PROD-012,29,4,4,105
BST-053,PROD-013,23,4,4,105
BST-053,PROD-014,40,0,5,144
BST-053,PROD-015,21,4,4,70
BST-053,PROD-016,5,2,4,52
BST-053,PROD-017,17,0,4,52
BST-053,PROD-018,17,2,4,52
BST-053,PROD-019,18,3,13,357
BST-053,PROD-020,105,2,16,444
BST-053,PROD-021,69,2,11,318
BST-053,PROD-022,74,2,9,248
BST-053,PROD-023,38,4,8,214
BST-053,PROD-024,29,2,6,178
BST-053,PROD-025,32,4,4,105
BST-053,PROD-026,6,0,4,88
BST-053,PROD-027,15,4,4,70
BST-053,PROD-028,16,4,4,70
BST-053,PROD-029,19,1,4,52
BST-053,PROD-030,14,3,4,70
BST-053,PROD-031,13,1,4,52
BST-053,PROD-032,3,3,4,52
BST-053,PROD-033,17,5,4,52
BST-053,PROD-034,13,2,4,52
BST-053,PROD-035,39,4,4,52
BST-054,PROD-001,41,2,11,322
BST-054,PROD-002,62,3,15,413
BST-054,PROD-003,44,2,8,231
BST-054,PROD-004,0,0,10,276
BST-054,PROD-005,7,1,12,346
BST-054,PROD-006,21,3,11,298
BST-054,PROD-007,55,1,10,276
BST-054,PROD-008,15,3,8,231
BST-054,PROD-009,63,5,9,252
BST-054,PROD-010,27,0,4,91
BST-054,PROD-011,12,0,4,116
BST-054,PROD-012,11,2,5,136
BST-054,PROD-013,28,2,5,136
BST-054,PROD-014,56,5,7,186
BST-054,PROD-015,26,0,4,91
BST-054,PROD-016,12,0,4,70
BST-054,PROD-017,5,0,4,52
BST-054,PROD-018,5,0,4,52
BST-054,PROD-019,0,0,16,458
BST-054,PROD-020,0,0,20,574
BST-054,PROD-021,10,5,15,413
BST-054,PROD-022,74,1,11,322
BST-054,PROD-023,67,5,10,276
BST-054,PROD-024,38,2,8,231
BST-054,PROD-025,40,3,5,136
BST-054,PROD-026,21,3,4,116
BST-054,PROD-027,6,0,4,91
BST-054,PROD-028,23,1,4,91
BST-054,PROD-029,13,4,4,70
BST-054,PROD-030,21,0,4,91
BST-054,PROD-031,10,1,4,52
BST-054,PROD-032,13,3,4,52
BST-054,PROD-033,4,1,4,52
BST-054,PROD-034,9,3,4,52
BST-054,PROD-035,39,1,4,52
BST-055,PROD-001,0,0,11,301
BST-055,PROD-002,50,4,14,385
BST-055,PROD-003,31,0,8,214
BST-055,PROD-004,5,1,9,256
BST-055,PROD-005,16,3,11,322
BST-055,PROD-006,9,2,10,280
BST-055,PROD-007,45,2,9,256
BST-055,PROD-008,14,4,8,214
BST-055,PROD-009,21,1,8,234
BST-055,PROD-010,17,4,4,84
BST-055,PROD-011,17,4,4,108
BST-055,PROD-012,34,5,5,130
BST-055,PROD-013,34,0,5,130
BST-055,PROD-014,33,2,6,172
BST-055,PROD-015,23,4,4,84
BST-055,PROD-016,11,5,4,63
BST-055,PROD-017,15,2,4,52
BST-055,PROD-018,8,3,4,52
BST-055,PROD-019,16,4,15,427
BST-055,PROD-020,24,4,19,536
BST-055,PROD-021,90,3,14,385
BST-055,PROD-022,32,2,11,301
BST-055,PROD-023,44,3,9,256
BST-055,PROD-024,32,1,8,214
BST-055,PROD-025,14,4,5,130
BST-055,PROD-026,25,5,4,108
BST-055,PROD-027,5,5,4,84
BST-055,PROD-028,18,1,4,84
BST-055,PROD-029,12,3,4,63
BST-055,PROD-030,6,1,4,84
BST-055,PROD-031,10,4,4,52
BST-055,PROD-032,13,2,4,52
BST-055,PROD-033,8,0,4,52
BST-055,PROD-034,13,0,4,52
BST-055,PROD-035,39,2,4,52
BST-056,PROD-001,45,1,8,231
BST-056,PROD-002,68,4,10,298
BST-056,PROD-003,36,3,6,164
BST-056,PROD-004,28,1,7,200
BST-056,PROD-005,11,4,9,248
BST-056,PROD-006,29,1,8,214
BST-056,PROD-007,50,0,7,200
BST-056,PROD-008,3,3,6,164
BST-056,PROD-009,19,3,6,182
BST-056,PROD-010,18,5,4,66
BST-056,PROD-011,24,1,4,84
BST-056,PROD-012,26,1,4,98
BST-056,PROD-013,23,5,4,98
BST-056,PROD-014,38,0,5,133
BST-056,PROD-015,20,4,4,66
BST-056,PROD-016,13,2,4,52
BST-056,PROD-017,9,0,4,52
BST-056,PROD-018,8,2,4,52
BST-056,PROD-019,29,3,12,329
BST-056,PROD-020,69,3,15,413
BST-056,PROD-021,22,5,10,298
BST-056,PROD-022,10,0,8,231
BST-056,PROD-023,37,2,7,200
BST-056,PROD-024,5,2,6,164
BST-056,PROD-025,22,2,4,98
BST-056,PROD-026,11,0,4,84
BST-056,PROD-027,16,4,4,66
BST-056,PROD-028,12,2,4,66
BST-056,PROD-029,12,4,4,52
BST-056,PROD-030,15,4,4,66
BST-056,PROD-031,8,2,4,52
BST-056,PROD-032,13,1,4,52
BST-056,PROD-033,9,3,4,52
BST-056,PROD-034,13,2,4,52
BST-056,PROD-035,39,0,4,52
BST-057,PROD-001,23,2,4,116
BST-057,PROD-002,33,5,5,150
BST-057,PROD-003,21,4,4,84
BST-057,PROD-004,0,0,4,102
BST-057,PROD-005,0,0,4,126
BST-057,PROD-006,0,0,4,108
BST-057,PROD-007,14,4,4,102
BST-057,PROD-008,4,0,4,84
BST-057,PROD-009,15,5,4,91
BST-057,PROD-010,18,4,4,52
BST-057,PROD-011,16,5,4,52
BST-057,PROD-012,10,2,4,52
BST-057,PROD-013,0,0,4,52
BST-057,PROD-014,3,1,4,66
BST-057,PROD-015,8,3,4,52
BST-057,PROD-016,15,1,4,52
BST-057,PROD-017,13,3,4,52
BST-057,PROD-018,6,1,4,52
BST-057,PROD-019,39,2,6,168
BST-057,PROD-020,47,1,7,210
BST-057,PROD-021,46,4,5,150
BST-057,PROD-022,28,0,4,116
BST-057,PROD-023,22,0,4,102
BST-057,PROD-024,4,2,4,84
BST-057,PROD-025,8,3,4,52
BST-057,PROD-026,10,4,4,52
BST-057,PROD-027,5,0,4,52
BST-057,PROD-028,7,5,4,52
BST-057,PROD-029,13,2,4,52
BST-057,PROD-030,6,2,4,52
BST-057,PROD-031,7,2,4,52
BST-057,PROD-032,13,4,4,52
BST-057,PROD-033,13,1,4,52
BST-057,PROD-034,13,4,4,52
BST-057,PROD-035,39,4,4,52
BST-058,PROD-001,11,0,6,175
BST-058,PROD-002,42,5,8,228
BST-058,PROD-003,32,4,4,126
BST-058,PROD-004,24,1,5,150
BST-058,PROD-005,16,0,7,189
BST-058,PROD-006,11,0,6,164
BST-058,PROD-007,25,5,5,150
BST-058,PROD-008,22,0,4,126
BST-058,PROD-009,10,5,5,136
BST-058,PROD-010,9,3,4,52
BST-058,PROD-011,5,4,4,63
BST-058,PROD-012,17,4,4,77
BST-058,PROD-013,17,2,4,77
BST-058,PROD-014,7,4,4,102
BST-058,PROD-015,12,0,4,52
BST-058,PROD-016,6,4,4,52
BST-058,PROD-017,13,1,4,52
BST-058,PROD-018,18,2,4,52
BST-058,PROD-019,18,3,9,252
BST-058,PROD-020,69,1,11,315
BST-058,PROD-021,27,3,8,228
BST-058,PROD-022,47,1,6,175
BST-058,PROD-023,5,5,5,150
BST-058,PROD-024,26,2,4,126
BST-058,PROD-025,15,2,4,77
BST-058,PROD-026,17,4,4,63
BST-058,PROD-027,15,2,4,52
BST-058,PROD-028,12,2,4,52
BST-058,PROD-029,16,3,4,52
BST-058,PROD-030,10,0,4,52
BST-058,PROD-031,11,0,4,52
BST-058,PROD-032,7,3,4,52
BST-058,PROD-033,6,5,4,52
BST-058,PROD-034,13,1,4,52
BST-058,PROD-035,39,1,4,52
BST-059,PROD-001,27,5,7,192
BST-059,PROD-002,27,3,9,248
BST-059,PROD-003,14,3,5,136
BST-059,PROD-004,4,2,6,164
BST-059,PROD-005,34,4,7,206
BST-059,PROD-006,11,2,6,178
BST-059,PROD-007,27,3,6,164
BST-059,PROD-008,8,4,5,136
BST-059,PROD-009,23,5,5,150
BST-059,PROD-010,4,3,4,56
BST-059,PROD-011,14,4,4,70
BST-059,PROD-012,5,5,4,84
BST-059,PROD-013,23,1,4,84
BST-059,PROD-014,23,5,4,108
BST-059,PROD-015,20,3,4,56
BST-059,PROD-016,12,0,4,52
BST-059,PROD-017,7,4,4,52
BST-059,PROD-018,9,3,4,52
BST-059,PROD-019,23,1,10,276
BST-059,PROD-020,8,3,12,343
BST-059,PROD-021,9,2,9,248
BST-059,PROD-022,13,0,7,192
BST-059,PROD-023,32,2,6,164
BST-059,PROD-024,33,3,5,136
BST-059,PROD-025,26,4,4,84
BST-059,PROD-026,13,4,4,70
BST-059,PROD-027,9,2,4,56
BST-059,PROD-028,18,0,4,56
BST-059,PROD-029,19,1,4,52
BST-059,PROD-030,7,4,4,56
BST-059,PROD-031,7,5,4,52
BST-059,PROD-032,17,0,4,52
BST-059,PROD-033,3,0,4,52
BST-059,PROD-034,13,2,4,52
BST-059,PROD-035,39,1,4,52
BST-060,PROD-001,44,2,8,242
BST-060,PROD-002,41,4,11,308
BST-060,PROD-003,18,0,6,172
BST-060,PROD-004,31,0,7,206
BST-060,PROD-005,41,5,9,256
BST-060,PROD-006,35,0,8,224
BST-060,PROD-007,17,0,7,206
BST-060,PROD-008,45,0,6,172
BST-060,PROD-009,61,1,7,189
BST-060,PROD-010,15,3,4,70
BST-060,PROD-011,23,4,4,84
BST-060,PROD-012,25,3,4,102
BST-060,PROD-013,30,0,4,102
BST-060,PROD-014,9,3,5,136
BST-060,PROD-015,19,4,4,70
BST-060,PROD-016,19,5,4,52
BST-060,PROD-017,18,3,4,52
BST-060,PROD-018,10,1,4,52
BST-060,PROD-019,71,4,12,343
BST-060,PROD-020,7,5,15,427
BST-060,PROD-021,55,2,11,308
BST-060,PROD-022,28,5,8,242
BST-060,PROD-023,44,4,7,206
BST-060,PROD-024,16,5,6,172
BST-060,PROD-025,11,1,4,102
BST-060,PROD-026,15,5,4,84
BST-060,PROD-027,21,3,4,70
BST-060,PROD-028,5,4,4,70
BST-060,PROD-029,10,0,4,52
BST-060,PROD-030,11,4,4,70
BST-060,PROD-031,12,0,4,52
BST-060,PROD-032,9,5,4,52
BST-060,PROD-033,17,4,4,52
BST-060,PROD-034,13,3,4,52
BST-060,PROD-035,39,4,4,52
BST-061,PROD-001,56,2,12,332
BST-061,PROD-002,66,2,15,427
BST-061,PROD-003,43,3,8,238
BST-061,PROD-004,39,0,10,284
BST-061,PROD-005,55,2,13,354
BST-061,PROD-006,14,4,11,308
BST-061,PROD-007,71,5,10,284
BST-061,PROD-008,30,2,8,238
BST-061,PROD-009,72,3,9,259
BST-061,PROD-010,23,2,4,94
BST-061,PROD-011,37,5,4,119
BST-061,PROD-012,46,0,5,144
BST-061,PROD-013,26,4,5,144
BST-061,PROD-014,23,3,7,189
BST-061,PROD-015,20,3,4,94
BST-061,PROD-016,8,1,4,70
BST-061,PROD-017,17,1,4,52
BST-061,PROD-018,9,0,4,52
BST-061,PROD-019,72,5,17,472
BST-061,PROD-020,111,5,21,592
BST-061,PROD-021,86,0,15,427
BST-061,PROD-022,71,1,12,332
BST-061,PROD-023,41,5,10,284
BST-061,PROD-024,19,0,8,238
BST-061,PROD-025,23,1,5,144
BST-061,PROD-026,11,4,4,119
BST-061,PROD-027,25,2,4,94
BST-061,PROD-028,29,0,4,94
BST-061,PROD-029,6,5,4,70
BST-061,PROD-030,24,4,4,94
BST-061,PROD-031,12,5,4,52
BST-061,PROD-032,13,1,4,52
BST-061,PROD-033,17,4,4,52
BST-061,PROD-034,11,0,4,52
BST-061,PROD-035,39,5,4,52
BST-062,PROD-001,28,4,5,147
BST-062,PROD-002,13,2,7,189
BST-062,PROD-003,6,4,4,105
BST-062,PROD-004,0,0,4,126
BST-062,PROD-005,0,0,6,158
BST-062,PROD-006,0,0,5,136
BST-062,PROD-007,24,5,4,126
BST-062,PROD-008,22,1,4,105
BST-062,PROD-009,11,4,4,116
BST-062,PROD-010,8,1,4,52
BST-062,PROD-011,11,2,4,52
BST-062,PROD-012,20,4,4,63
BST-062,PROD-013,5,0,4,63
BST-062,PROD-014,0,0,4,84
BST-062,PROD-015,6,1,4,52
BST-062,PROD-016,16,4,4,52
BST-062,PROD-017,13,5,4,52
BST-062,PROD-018,9,5,4,52
BST-062,PROD-019,9,4,7,210
BST-062,PROD-020,79,2,9,259
BST-062,PROD-021,14,1,7,189
BST-062,PROD-022,36,5,5,147
BST-062,PROD-023,13,1,4,126
BST-062,PROD-024,16,4,4,105
BST-062,PROD-025,21,5,4,63
BST-062,PROD-026,9,1,4,52
BST-062,PROD-027,17,1,4,52
BST-062,PROD-028,13,3,4,52
BST-062,PROD-029,4,4,4,52
BST-062,PROD-030,15,3,4,52
BST-062,PROD-031,10,5,4,52
BST-062,PROD-032,17,1,4,52
BST-062,PROD-033,8,1,4,52
BST-062,PROD-034,13,0,4,52
BST-062,PROD-035,39,0,4,52
BST-063,PROD-001,46,3,7,192
BST-063,PROD-002,57,1,9,248
BST-063,PROD-003,32,0,5,136
BST-063,PROD-004,0,0,6,164
BST-063,PROD-005,0,0,7,206
BST-063,PROD-006,0,0,6,178
BST-063,PROD-007,0,0,6,164
BST-063,PROD-008,0,0,5,136
BST-063,PROD-009,0,0,5,150
BST-063,PROD-010,10,5,4,56
BST-063,PROD-011,13,5,4,70
BST-063,PROD-012,12,2,4,84
BST-063,PROD-013,5,1,4,84
BST-063,PROD-014,8,1,4,108
BST-063,PROD-015,9,0,4,56
BST-063,PROD-016,5,1,4,52
BST-063,PROD-017,13,5,4,52
BST-063,PROD-018,11,4,4,52
BST-063,PROD-019,75,1,10,276
BST-063,PROD-020,70,3,12,343
BST-063,PROD-021,38,1,9,248
BST-063,PROD-022,19,3,7,192
BST-063,PROD-023,28,3,6,164
BST-063,PROD-024,39,3,5,136
BST-063,PROD-025,7,3,4,84
BST-063,PROD-026,5,4,4,70
BST-063,PROD-027,11,4,4,56
BST-063,PROD-028,15,5,4,56
BST-063,PROD-029,9,5,4,52
BST-063,PROD-030,17,3,4,56
BST-063,PROD-031,7,4,4,52
BST-063,PROD-032,7,4,4,52
BST-063,PROD-033,12,2,4,52
BST-063,PROD-034,13,3,4,52
BST-063,PROD-035,39,5,4,52
BST-064,PROD-001,12,2,6,175
BST-064,PROD-002,64,0,8,228
BST-064,PROD-003,32,4,4,126
BST-064,PROD-004,0,0,5,150
BST-064,PROD-005,0,0,7,189
BST-064,PROD-006,0,0,6,164
BST-064,PROD-007,22,5,5,150
BST-064,PROD-008,25,5,4,126
BST-064,PROD-009,16,0,5,140
BST-064,PROD-010,13,1,4,52
BST-064,PROD-011,7,5,4,63
BST-064,PROD-012,17,4,4,77
BST-064,PROD-013,9,2,4,77
BST-064,PROD-014,28,5,4,102
BST-064,PROD-015,17,2,4,52
BST-064,PROD-016,17,3,4,52
BST-064,PROD-017,13,3,4,52
BST-064,PROD-018,16,0,4,52
BST-064,PROD-019,71,3,9,252
BST-064,PROD-020,42,0,11,315
BST-064,PROD-021,24,4,8,228
BST-064,PROD-022,7,3,6,175
BST-064,PROD-023,32,3,5,150
BST-064,PROD-024,20,4,4,126
BST-064,PROD-025,9,1,4,77
BST-064,PROD-026,19,0,4,63
BST-064,PROD-027,12,5,4,52
BST-064,PROD-028,15,0,4,52
BST-064,PROD-029,10,2,4,52
BST-064,PROD-030,15,5,4,52
BST-064,PROD-031,11,5,4,52
BST-064,PROD-032,15,1,4,52
BST-064,PROD-033,14,4,4,52
BST-064,PROD-034,13,0,4,52
BST-064,PROD-035,39,3,4,52
BST-065,PROD-001,49,5,11,315
BST-065,PROD-002,31,0,14,402
BST-065,PROD-003,23,4,8,224
BST-065,PROD-004,56,4,10,270
BST-065,PROD-005,19,4,12,336
BST-065,PROD-006,39,1,10,290
BST-065,PROD-007,80,2,10,270
BST-065,PROD-008,38,1,8,224
BST-065,PROD-009,65,4,9,248
BST-065,PROD-010,13,3,4,91
BST-065,PROD-011,16,1,4,112
BST-065,PROD-012,15,1,5,133
BST-065,PROD-013,25,5,5,133
BST-065,PROD-014,26,3,6,178
BST-065,PROD-015,13,5,4,91
BST-065,PROD-016,6,1,4,66
BST-065,PROD-017,15,0,4,52
BST-065,PROD-018,13,2,4,52
BST-065,PROD-019,37,3,16,448
BST-065,PROD-020,97,1,20,560
BST-065,PROD-021,17,2,14,402
BST-065,PROD-022,64,2,11,315
BST-065,PROD-023,33,4,10,270
BST-065,PROD-024,18,3,8,224
BST-065,PROD-025,31,0,5,133
BST-065,PROD-026,19,5,4,112
BST-065,PROD-027,10,0,4,91
BST-065,PROD-028,28,2,4,91
BST-065,PROD-029,19,5,4,66
BST-065,PROD-030,26,4,4,91
BST-065,PROD-031,12,4,4,52
BST-065,PROD-032,14,2,4,52
BST-065,PROD-033,5,3,4,52
BST-065,PROD-034,13,5,4,52
BST-065,PROD-035,39,5,4,52
BST-066,PROD-001,10,0,8,217
BST-066,PROD-002,57,3,10,280
BST-066,PROD-003,16,1,5,154
BST-066,PROD-004,28,2,7,186
BST-066,PROD-005,20,4,8,231
BST-066,PROD-006,0,0,7,203
BST-066,PROD-007,47,3,7,186
BST-066,PROD-008,4,4,5,154
BST-066,PROD-009,23,2,6,172
BST-066,PROD-010,18,0,4,63
BST-066,PROD-011,14,0,4,77
BST-066,PROD-012,24,3,4,94
BST-066,PROD-013,23,3,4,94
BST-066,PROD-014,31,1,4,122
BST-066,PROD-015,20,3,4,63
BST-066,PROD-016,15,3,4,52
BST-066,PROD-017,5,4,4,52
BST-066,PROD-018,10,5,4,52
BST-066,PROD-019,8,0,11,308
BST-066,PROD-020,109,5,14,388
BST-066,PROD-021,60,4,10,280
BST-066,PROD-022,59,1,8,217
BST-066,PROD-023,23,5,7,186
BST-066,PROD-024,32,1,5,154
BST-066,PROD-025,27,3,4,94
BST-066,PROD-026,25,5,4,77
BST-066,PROD-027,13,0,4,63
BST-066,PROD-028,10,3,4,63
BST-066,PROD-029,15,3,4,52
BST-066,PROD-030,10,5,4,63
BST-066,PROD-031,13,0,4,52
BST-066,PROD-032,7,5,4,52
BST-066,PROD-033,12,4,4,52
BST-066,PROD-034,13,3,4,52
BST-066,PROD-035,39,1,4,52
BST-067,PROD-001,25,2,6,168
BST-067,PROD-002,50,0,8,214
BST-067,PROD-003,13,2,4,119
BST-067,PROD-004,0,0,5,144
BST-067,PROD-005,0,0,6,178
BST-067,PROD-006,0,0,5,154
BST-067,PROD-007,23,3,5,144
BST-067,PROD-008,0,0,4,119
BST-067,PROD-009,0,0,5,130
BST-067,PROD-010,9,4,4,52
BST-067,PROD-011,17,4,4,60
BST-067,PROD-012,2,2,4,70
BST-067,PROD-013,10,3,4,70
BST-067,PROD-014,24,2,4,94
BST-067,PROD-015,15,5,4,52
BST-067,PROD-016,11,1,4,52
BST-067,PROD-017,13,3,4,52
BST-067,PROD-018,9,1,4,52
BST-067,PROD-019,59,1,8,238
BST-067,PROD-020,19,4,11,298
BST-067,PROD-021,24,4,8,214
BST-067,PROD-022,25,4,6,168
BST-067,PROD-023,37,2,5,144
BST-067,PROD-024,4,0,4,119
BST-067,PROD-025,9,5,4,70
BST-067,PROD-026,14,5,4,60
BST-067,PROD-027,15,5,4,52
BST-067,PROD-028,12,0,4,52
BST-067,PROD-029,15,4,4,52
BST-067,PROD-030,3,0,4,52
BST-067,PROD-031,7,5,4,52
BST-067,PROD-032,15,5,4,52
BST-067,PROD-033,14,3,4,52
BST-067,PROD-034,13,3,4,52
BST-067,PROD-035,39,3,4,52
BST-068,PROD-001,40,3,9,270
BST-068,PROD-002,59,4,12,346
BST-068,PROD-003,20,1,7,192
BST-068,PROD-004,7,4,8,231
BST-068,PROD-005,14,2,10,287
BST-068,PROD-006,42,0,9,248
BST-068,PROD-007,23,2,8,231
BST-068,PROD-008,34,4,7,192
BST-068,PROD-009,12,3,7,210
BST-068,PROD-010,23,1,4,77
BST-068,PROD-011,12,1,4,94
BST-068,PROD-012,30,5,4,116
BST-068,PROD-013,31,1,4,116
BST-068,PROD-014,32,3,5,154
BST-068,PROD-015,7,1,4,77
BST-068,PROD-016,8,4,4,56
BST-068,PROD-017,16,5,4,52
BST-068,PROD-018,8,4,4,52
BST-068,PROD-019,65,0,14,382
BST-068,PROD-020,93,2,17,480
BST-068,PROD-021,57,4,12,346
BST-068,PROD-022,74,3,9,270
BST-068,PROD-023,39,2,8,231
BST-068,PROD-024,26,1,7,192
BST-068,PROD-025,12,0,4,116
BST-068,PROD-026,25,5,4,94
BST-068,PROD-027,18,3,4,77
BST-068,PROD-028,22,0,4,77
BST-068,PROD-029,15,2,4,56
BST-068,PROD-030,22,1,4,77
BST-068,PROD-031,10,4,4,52
BST-068,PROD-032,15,3,4,52
BST-068,PROD-033,15,0,4,52
BST-068,PROD-034,13,0,4,52
BST-068,PROD-035,39,5,4,52
BST-069,PROD-001,36,2,4,126
BST-069,PROD-002,7,0,6,161
BST-069,PROD-003,19,3,4,91
BST-069,PROD-004,0,0,4,108
BST-069,PROD-005,0,0,5,136
BST-069,PROD-006,0,0,4,116
BST-069,PROD-007,0,0,4,108
BST-069,PROD-008,7,2,4,91
BST-069,PROD-009,17,5,4,98
BST-069,PROD-010,18,0,4,52
BST-069,PROD-011,17,3,4,52
BST-069,PROD-012,7,0,4,52
BST-069,PROD-013,5,0,4,52
BST-069,PROD-014,1,1,4,74
BST-069,PROD-015,0,0,4,52
BST-069,PROD-016,7,0,4,52
BST-069,PROD-017,13,1,4,52
BST-069,PROD-018,7,2,4,52
BST-069,PROD-019,49,2,6,178
BST-069,PROD-020,11,0,8,224
BST-069,PROD-021,12,0,6,161
BST-069,PROD-022,11,3,4,126
BST-069,PROD-023,30,5,4,108
BST-069,PROD-024,28,4,4,91
BST-069,PROD-025,7,0,4,52
BST-069,PROD-026,12,1,4,52
BST-069,PROD-027,14,5,4,52
BST-069,PROD-028,8,1,4,52
BST-069,PROD-029,17,4,4,52
BST-069,PROD-030,14,4,4,52
BST-069,PROD-031,16,3,4,52
BST-069,PROD-032,14,0,4,52
BST-069,PROD-033,12,2,4,52
BST-069,PROD-034,13,3,4,52
BST-069,PROD-035,39,2,4,52
BST-070,PROD-001,15,1,7,200
BST-070,PROD-002,38,5,9,259
BST-070,PROD-003,6,4,5,144
BST-070,PROD-004,12,4,6,172
BST-070,PROD-005,29,4,8,214
BST-070,PROD-006,0,0,7,186
BST-070,PROD-007,37,0,6,172
BST-070,PROD-008,18,3,5,144
BST-070,PROD-009,20,5,6,158
BST-070,PROD-010,8,2,4,56
BST-070,PROD-011,9,1,4,70
BST-070,PROD-012,26,4,4,88
BST-070,PROD-013,18,4,4,88
BST-070,PROD-014,5,2,4,116
BST-070,PROD-015,7,2,4,56
BST-070,PROD-016,16,0,4,52
BST-070,PROD-017,9,1,4,52
BST-070,PROD-018,10,0,4,52
BST-070,PROD-019,76,5,10,287
BST-070,PROD-020,59,5,13,357
BST-070,PROD-021,27,1,9,259
BST-070,PROD-022,12,3,7,200
BST-070,PROD-023,21,1,6,172
BST-070,PROD-024,14,5,5,144
BST-070,PROD-025,5,2,4,88
BST-070,PROD-026,15,1,4,70
BST-070,PROD-027,16,0,4,56
BST-070,PROD-028,14,4,4,56
BST-070,PROD-029,3,0,4,52
BST-070,PROD-030,16,4,4,56
BST-070,PROD-031,7,1,4,52
BST-070,PROD-032,14,3,4,52
BST-070,PROD-033,16,1,4,52
BST-070,PROD-034,13,4,4,52
BST-070,PROD-035,39,4,4,52
BST-071,PROD-001,8,3,6,175
BST-071,PROD-002,13,1,8,224
BST-071,PROD-003,34,4,4,122
BST-071,PROD-004,0,0,5,147
BST-071,PROD-005,0,0,7,186
BST-071,PROD-006,0,0,6,161
BST-071,PROD-007,0,0,5,147
BST-071,PROD-008,22,3,4,122
BST-071,PROD-009,24,1,5,136
BST-071,PROD-010,5,0,4,52
BST-071,PROD-011,5,4,4,63
BST-071,PROD-012,21,4,4,74
BST-071,PROD-013,3,2,4,74
BST-071,PROD-014,3,3,4,98
BST-071,PROD-015,5,4,4,52
BST-071,PROD-016,6,0,4,52
BST-071,PROD-017,13,5,4,52
BST-071,PROD-018,8,1,4,52
BST-071,PROD-019,9,3,9,248
BST-071,PROD-020,57,3,11,308
BST-071,PROD-021,16,1,8,224
BST-071,PROD-022,24,1,6,175
BST-071,PROD-023,5,2,5,147
BST-071,PROD-024,23,5,4,122
BST-071,PROD-025,22,5,4,74
BST-071,PROD-026,12,4,4,63
BST-071,PROD-027,10,4,4,52
BST-071,PROD-028,9,3,4,52
BST-071,PROD-029,8,4,4,52
BST-071,PROD-030,10,4,4,52
BST-071,PROD-031,12,1,4,52
BST-071,PROD-032,14,5,4,52
BST-071,PROD-033,14,3,4,52
BST-071,PROD-034,13,0,4,52
BST-071,PROD-035,39,2,4,52
BST-072,PROD-001,37,2,5,144
BST-072,PROD-002,22,0,7,186
BST-072,PROD-003,23,1,4,102
BST-072,PROD-004,0,0,4,122
BST-072,PROD-005,0,0,5,154
BST-072,PROD-006,0,0,5,133
BST-072,PROD-007,15,2,4,122
BST-072,PROD-008,0,0,4,102
BST-072,PROD-009,0,0,4,112
BST-072,PROD-010,4,4,4,52
BST-072,PROD-011,15,3,4,52
BST-072,PROD-012,7,4,4,63
BST-072,PROD-013,17,5,4,63
BST-072,PROD-014,18,3,4,84
BST-072,PROD-015,12,4,4,52
BST-072,PROD-016,11,3,4,52
BST-072,PROD-017,13,5,4,52
BST-072,PROD-018,7,5,4,52
BST-072,PROD-019,7,2,7,206
BST-072,PROD-020,64,4,9,256
BST-072,PROD-021,9,4,7,186
BST-072,PROD-022,40,2,5,144
BST-072,PROD-023,1,1,4,122
BST-072,PROD-024,11,1,4,102
BST-072,PROD-025,15,5,4,63
BST-072,PROD-026,7,0,4,52
BST-072,PROD-027,5,4,4,52
BST-072,PROD-028,17,5,4,52
BST-072,PROD-029,3,3,4,52
BST-072,PROD-030,4,4,4,52
BST-072,PROD-031,7,3,4,52
BST-072,PROD-032,11,3,4,52
BST-072,PROD-033,16,1,4,52
BST-072,PROD-034,13,2,4,52
BST-072,PROD-035,39,0,4,52
BST-073,PROD-001,40,4,7,189
BST-073,PROD-002,35,4,9,245
BST-073,PROD-003,29,0,5,136
BST-073,PROD-004,27,4,6,164
BST-073,PROD-005,19,0,7,203
BST-073,PROD-006,27,1,6,175
BST-073,PROD-007,10,4,6,164
BST-073,PROD-008,27,1,5,136
BST-073,PROD-009,20,0,5,150
BST-073,PROD-010,19,3,4,56
BST-073,PROD-011,23,1,4,66
BST-073,PROD-012,5,4,4,80
BST-073,PROD-013,24,0,4,80
BST-073,PROD-014,13,3,4,108
BST-073,PROD-015,18,0,4,56
BST-073,PROD-016,10,0,4,52
BST-073,PROD-017,13,1,4,52
BST-073,PROD-018,5,2,4,52
BST-073,PROD-019,18,3,10,273
BST-073,PROD-020,17,1,12,340
BST-073,PROD-021,50,1,9,245
BST-073,PROD-022,50,0,7,189
BST-073,PROD-023,12,1,6,164
BST-073,PROD-024,27,1,5,136
BST-073,PROD-025,16,3,4,80
BST-073,PROD-026,18,4,4,66
BST-073,PROD-027,16,1,4,56
BST-073,PROD-028,7,4,4,56
BST-073,PROD-029,17,5,4,52
BST-073,PROD-030,10,4,4,56
BST-073,PROD-031,7,4,4,52
BST-073,PROD-032,4,1,4,52
BST-073,PROD-033,15,5,4,52
BST-073,PROD-034,13,0,4,52
BST-073,PROD-035,39,0,4,52
BST-074,PROD-001,45,5,9,262
BST-074,PROD-002,50,0,12,340
BST-074,PROD-003,29,5,7,189
BST-074,PROD-004,42,0,8,224
BST-074,PROD-005,0,0,10,284
BST-074,PROD-006,0,0,9,245
BST-074,PROD-007,36,3,8,224
BST-074,PROD-008,58,0,7,189
BST-074,PROD-009,69,1,7,206
BST-074,PROD-010,16,4,4,74
BST-074,PROD-011,16,4,4,94
BST-074,PROD-012,13,2,4,112
BST-074,PROD-013,16,3,4,112
BST-074,PROD-014,31,4,5,150
BST-074,PROD-015,6,0,4,74
BST-074,PROD-016,18,0,4,56
BST-074,PROD-017,10,5,4,52
BST-074,PROD-018,14,1,4,52
BST-074,PROD-019,10,3,13,374
BST-074,PROD-020,4,0,17,469
BST-074,PROD-021,6,2,12,340
BST-074,PROD-022,32,2,9,262
BST-074,PROD-023,29,4,8,224
BST-074,PROD-024,38,2,7,189
BST-074,PROD-025,36,3,4,112
BST-074,PROD-026,32,5,4,94
BST-074,PROD-027,16,3,4,74
BST-074,PROD-028,12,3,4,74
BST-074,PROD-029,6,1,4,56
BST-074,PROD-030,5,2,4,74
BST-074,PROD-031,12,2,4,52
BST-074,PROD-032,14,4,4,52
BST-074,PROD-033,15,5,4,52
BST-074,PROD-034,13,1,4,52
BST-074,PROD-035,39,2,4,52
BST-075,PROD-001,8,1,4,80
BST-075,PROD-002,30,0,4,105
BST-075,PROD-003,6,3,4,60
BST-075,PROD-004,0,0,4,70
BST-075,PROD-005,0,0,4,88
BST-075,PROD-006,0,0,4,77
BST-075,PROD-007,10,3,4,70
BST-075,PROD-008,12,1,4,60
BST-075,PROD-009,19,4,4,63
BST-075,PROD-010,16,2,4,52
BST-075,PROD-011,10,0,4,52
BST-075,PROD-012,8,3,4,52
BST-075,PROD-013,6,0,4,52
BST-075,PROD-014,5,1,4,52
BST-075,PROD-015,6,4,4,52
BST-075,PROD-016,18,0,4,52
BST-075,PROD-017,13,4,4,52
BST-075,PROD-018,13,1,4,52
BST-075,PROD-019,34,4,4,116
BST-075,PROD-020,32,1,5,147
BST-075,PROD-021,23,1,4,105
BST-075,PROD-022,13,5,4,80
BST-075,PROD-023,9,1,4,70
BST-075,PROD-024,10,1,4,60
BST-075,PROD-025,4,0,4,52
BST-075,PROD-026,16,0,4,52
BST-075,PROD-027,5,3,4,52
BST-075,PROD-028,14,3,4,52
BST-075,PROD-029,17,3,4,52
BST-075,PROD-030,16,0,4,52
BST-075,PROD-031,12,1,4,52
BST-075,PROD-032,8,3,4,52
BST-075,PROD-033,13,2,4,52
BST-075,PROD-034,13,1,4,52
BST-075,PROD-035,39,1,4,52
BST-076,PROD-001,42,2,5,147
BST-076,PROD-002,11,2,7,186
BST-076,PROD-003,10,2,4,105
BST-076,PROD-004,0,0,4,126
BST-076,PROD-005,0,0,6,154
BST-076,PROD-006,6,4,5,136
BST-076,PROD-007,15,0,4,126
BST-076,PROD-008,9,0,4,105
BST-076,PROD-009,26,5,4,116
BST-076,PROD-010,7,1,4,52
BST-076,PROD-011,6,2,4,52
BST-076,PROD-012,12,5,4,63
BST-076,PROD-013,4,0,4,63
BST-076,PROD-014,0,0,4,84
BST-076,PROD-015,7,0,4,52
BST-076,PROD-016,11,1,4,52
BST-076,PROD-017,13,3,4,52
BST-076,PROD-018,8,5,4,52
BST-076,PROD-019,17,0,7,206
BST-076,PROD-020,76,2,9,259
BST-076,PROD-021,44,3,7,186
BST-076,PROD-022,27,5,5,147
BST-076,PROD-023,17,5,4,126
BST-076,PROD-024,30,0,4,105
BST-076,PROD-025,14,0,4,63
BST-076,PROD-026,12,4,4,52
BST-076,PROD-027,17,0,4,52
BST-076,PROD-028,18,0,4,52
BST-076,PROD-029,4,0,4,52
BST-076,PROD-030,5,0,4,52
BST-076,PROD-031,15,2,4,52
BST-076,PROD-032,5,0,4,52
BST-076,PROD-033,5,1,4,52
BST-076,PROD-034,13,0,4,52
BST-076,PROD-035,39,0,4,52
BST-077,PROD-001,8,3,7,186
BST-077,PROD-002,33,1,8,238
BST-077,PROD-003,2,2,5,133
BST-077,PROD-004,13,0,6,158
BST-077,PROD-005,0,0,7,200
BST-077,PROD-006,8,5,6,172
BST-077,PROD-007,41,0,6,158
BST-077,PROD-008,31,3,5,133
BST-077,PROD-009,34,0,5,147
BST-077,PROD-010,10,1,4,52
BST-077,PROD-011,4,1,4,66
BST-077,PROD-012,4,2,4,80
BST-077,PROD-013,24,0,4,80
BST-077,PROD-014,10,4,4,105
BST-077,PROD-015,5,5,4,52
BST-077,PROD-016,12,0,4,52
BST-077,PROD-017,11,3,4,52
BST-077,PROD-018,14,4,4,52
BST-077,PROD-019,61,0,9,266
BST-077,PROD-020,11,4,12,329
BST-077,PROD-021,17,1,8,238
BST-077,PROD-022,16,0,7,186
BST-077,PROD-023,32,2,6,158
BST-077,PROD-024,8,3,5,133
BST-077,PROD-025,18,2,4,80
BST-077,PROD-026,16,4,4,66
BST-077,PROD-027,12,3,4,52
BST-077,PROD-028,4,2,4,52
BST-077,PROD-029,14,5,4,52
BST-077,PROD-030,15,0,4,52
BST-077,PROD-031,11,2,4,52
BST-077,PROD-032,17,4,4,52
BST-077,PROD-033,4,4,4,52
BST-077,PROD-034,13,1,4,52
BST-077,PROD-035,39,3,4,52
BST-078,PROD-001,30,0,7,196
BST-078,PROD-002,24,4,9,252
BST-078,PROD-003,26,1,5,140
BST-078,PROD-004,0,0,6,168
BST-078,PROD-005,0,0,7,210
BST-078,PROD-006,0,0,6,182
BST-078,PROD-007,26,3,6,168
BST-078,PROD-008,0,0,5,140
BST-078,PROD-009,0,0,5,154
BST-078,PROD-010,5,3,4,56
BST-078,PROD-011,13,1,4,70
BST-078,PROD-012,6,2,4,84
BST-078,PROD-013,22,2,4,84
BST-078,PROD-014,19,4,4,112
BST-078,PROD-015,13,0,4,56
BST-078,PROD-016,17,0,4,52
BST-078,PROD-017,13,0,4,52
BST-078,PROD-018,14,4,4,52
BST-078,PROD-019,51,5,10,280
BST-078,PROD-020,43,4,12,350
BST-078,PROD-021,61,0,9,252
BST-078,PROD-022,20,1,7,196
BST-078,PROD-023,30,1,6,168
BST-078,PROD-024,28,4,5,140
BST-078,PROD-025,9,2,4,84
BST-078,PROD-026,15,1,4,70
BST-078,PROD-027,14,2,4,56
BST-078,PROD-028,3,3,4,56
BST-078,PROD-029,4,3,4,52
BST-078,PROD-030,17,4,4,56
BST-078,PROD-031,10,4,4,52
BST-078,PROD-032,7,5,4,52
BST-078,PROD-033,11,1,4,52
BST-078,PROD-034,13,4,4,52
BST-078,PROD-035,39,3,4,52
BST-079,PROD-001,31,1,8,231
BST-079,PROD-002,38,0,10,298
BST-079,PROD-003,22,4,6,164
BST-079,PROD-004,0,0,7,196
BST-079,PROD-005,0,0,9,248
BST-079,PROD-006,34,0,8,214
BST-079,PROD-007,58,2,7,196
BST-079,PROD-008,35,4,6,164
BST-079,PROD-009,23,5,6,182
BST-079,PROD-010,11,4,4,66
BST-079,PROD-011,22,4,4,84
BST-079,PROD-012,10,1,4,98
BST-079,PROD-013,11,5,4,98
BST-079,PROD-014,42,2,5,133
BST-079,PROD-015,16,4,4,66
BST-079,PROD-016,16,0,4,52
BST-079,PROD-017,6,3,4,52
BST-079,PROD-018,10,3,4,52
BST-079,PROD-019,66,5,12,329
BST-079,PROD-020,72,2,15,413
BST-079,PROD-021,48,0,10,298
BST-079,PROD-022,68,5,8,231
BST-079,PROD-023,18,0,7,196
BST-079,PROD-024,20,2,6,164
BST-079,PROD-025,24,0,4,98
BST-079,PROD-026,26,2,4,84
BST-079,PROD-027,15,2,4,66
BST-079,PROD-028,6,0,4,66
BST-079,PROD-029,5,5,4,52
BST-079,PROD-030,7,2,4,66
BST-079,PROD-031,11,3,4,52
BST-079,PROD-032,10,2,4,52
BST-079,PROD-033,4,2,4,52
BST-079,PROD-034,13,5,4,52
BST-079,PROD-035,39,1,4,52
BST-080,PROD-001,42,5,9,245
BST-080,PROD-002,33,2,11,315
BST-080,PROD-003,24,2,6,175
BST-080,PROD-004,30,5,7,210
BST-080,PROD-005,0,0,9,262
BST-080,PROD-006,0,0,8,228
BST-080,PROD-007,40,5,7,210
BST-080,PROD-008,17,3,6,175
BST-080,PROD-009,19,5,7,192
BST-080,PROD-010,24,3,4,70
BST-080,PROD-011,10,1,4,88
BST-080,PROD-012,25,3,4,105
BST-080,PROD-013,19,4,4,105
BST-080,PROD-014,8,2,5,140
BST-080,PROD-015,9,5,4,70
BST-080,PROD-016,12,1,4,52
BST-080,PROD-017,4,2,4,52
BST-080,PROD-018,6,1,4,52
BST-080,PROD-019,72,1,12,350
BST-080,PROD-020,71,0,15,438
BST-080,PROD-021,0,0,11,315
BST-080,PROD-022,72,1,9,245
BST-080,PROD-023,25,0,7,210
BST-080,PROD-024,18,0,6,175
BST-080,PROD-025,23,3,4,105
BST-080,PROD-026,27,4,4,88
BST-080,PROD-027,13,3,4,70
BST-080,PROD-028,16,0,4,70
BST-080,PROD-029,10,5,4,52
BST-080,PROD-030,10,5,4,70
BST-080,PROD-031,11,0,4,52
BST-080,PROD-032,17,4,4,52
BST-080,PROD-033,18,3,4,52
BST-080,PROD-034,13,3,4,52
BST-080,PROD-035,39,3,4,52
BST-081,PROD-001,26,4,7,186
BST-081,PROD-002,35,1,8,238
BST-081,PROD-003,30,1,5,133
BST-081,PROD-004,4,3,6,161
BST-081,PROD-005,35,4,7,200
BST-081,PROD-006,2,2,6,172
BST-081,PROD-007,44,4,6,161
BST-081,PROD-008,26,4,5,133
BST-081,PROD-009,43,3,5,147
BST-081,PROD-010,14,2,4,52
BST-081,PROD-011,20,2,4,66
BST-081,PROD-012,13,1,4,80
BST-081,PROD-013,17,0,4,80
BST-081,PROD-014,34,5,4,105
BST-081,PROD-015,17,1,4,52
BST-081,PROD-016,5,0,4,52
BST-081,PROD-017,13,2,4,52
BST-081,PROD-018,4,4,4,52
BST-081,PROD-019,14,3,9,266
BST-081,PROD-020,4,1,12,332
BST-081,PROD-021,17,0,8,238
BST-081,PROD-022,26,3,7,186
BST-081,PROD-023,35,3,6,161
BST-081,PROD-024,41,3,5,133
BST-081,PROD-025,11,1,4,80
BST-081,PROD-026,13,3,4,66
BST-081,PROD-027,9,2,4,52
BST-081,PROD-028,19,0,4,52
BST-081,PROD-029,4,1,4,52
BST-081,PROD-030,8,1,4,52
BST-081,PROD-031,7,3,4,52
BST-081,PROD-032,5,1,4,52
BST-081,PROD-033,13,4,4,52
BST-081,PROD-034,13,5,4,52
BST-081,PROD-035,39,1,4,52
BST-082,PROD-001,12,0,8,234
BST-082,PROD-002,32,5,11,301
BST-082,PROD-003,29,3,6,168
BST-082,PROD-004,36,0,7,200
BST-082,PROD-005,35,2,9,252
BST-082,PROD-006,0,0,8,217
BST-082,PROD-007,57,3,7,200
BST-082,PROD-008,32,0,6,168
BST-082,PROD-009,17,5,6,186
BST-082,PROD-010,13,1,4,66
BST-082,PROD-011,12,5,4,84
BST-082,PROD-012,31,1,4,102
BST-082,PROD-013,24,0,4,102
BST-082,PROD-014,4,4,5,133
BST-082,PROD-015,16,5,4,66
BST-082,PROD-016,14,0,4,52
BST-082,PROD-017,17,1,4,52
BST-082,PROD-018,17,0,4,52
BST-082,PROD-019,97,1,12,332
BST-082,PROD-020,34,1,15,416
BST-082,PROD-021,66,5,11,301
BST-082,PROD-022,29,5,8,234
BST-082,PROD-023,38,4,7,200
BST-082,PROD-024,48,2,6,168
BST-082,PROD-025,13,2,4,102
BST-082,PROD-026,19,5,4,84
BST-082,PROD-027,18,1,4,66
BST-082,PROD-028,20,2,4,66
BST-082,PROD-029,16,2,4,52
BST-082,PROD-030,6,1,4,66
BST-082,PROD-031,11,0,4,52
BST-082,PROD-032,11,1,4,52
BST-082,PROD-033,5,2,4,52
BST-082,PROD-034,13,0,4,52
BST-082,PROD-035,39,1,4,52
BST-083,PROD-001,44,5,7,189
BST-083,PROD-002,38,4,9,245
BST-083,PROD-003,40,5,5,136
BST-083,PROD-004,5,0,6,161
BST-083,PROD-005,22,4,7,203
BST-083,PROD-006,28,2,6,175
BST-083,PROD-007,8,0,6,161
BST-083,PROD-008,23,0,5,136
BST-083,PROD-009,36,0,5,150
BST-083,PROD-010,9,4,4,52
BST-083,PROD-011,15,4,4,66
BST-083,PROD-012,22,0,4,80
BST-083,PROD-013,15,1,4,80
BST-083,PROD-014,24,4,4,108
BST-083,PROD-015,17,3,4,52
BST-083,PROD-016,7,1,4,52
BST-083,PROD-017,10,5,4,52
BST-083,PROD-018,3,0,4,52
BST-083,PROD-019,30,5,10,270
BST-083,PROD-020,39,2,12,340
BST-083,PROD-021,12,4,9,245
BST-083,PROD-022,32,0,7,189
BST-083,PROD-023,28,1,6,161
BST-083,PROD-024,36,1,5,136
BST-083,PROD-025,22,5,4,80
BST-083,PROD-026,3,1,4,66
BST-083,PROD-027,7,2,4,52
BST-083,PROD-028,9,1,4,52
BST-083,PROD-029,5,4,4,52
BST-083,PROD-030,7,5,4,52
BST-083,PROD-031,7,3,4,52
BST-083,PROD-032,14,1,4,52
BST-083,PROD-033,3,3,4,52
BST-083,PROD-034,13,1,4,52
BST-083,PROD-035,39,3,4,52
BST-084,PROD-001,3,3,5,130
BST-084,PROD-002,42,2,6,168
BST-084,PROD-003,5,3,4,94
BST-084,PROD-004,0,0,4,112
BST-084,PROD-005,0,0,5,140
BST-084,PROD-006,0,0,4,122
BST-084,PROD-007,6,1,4,112
BST-084,PROD-008,0,0,4,94
BST-084,PROD-009,16,1,4,102
BST-084,PROD-010,4,0,4,52
BST-084,PROD-011,8,1,4,52
BST-084,PROD-012,2,2,4,56
BST-084,PROD-013,18,1,4,56
BST-084,PROD-014,8,3,4,74
BST-084,PROD-015,7,1,4,52
BST-084,PROD-016,17,1,4,52
BST-084,PROD-017,13,0,4,52
BST-084,PROD-018,13,1,4,52
BST-084,PROD-019,56,2,7,186
BST-084,PROD-020,24,2,8,234
BST-084,PROD-021,21,5,6,168
BST-084,PROD-022,20,4,5,130
BST-084,PROD-023,5,4,4,112
BST-084,PROD-024,21,4,4,94
BST-084,PROD-025,14,0,4,56
BST-084,PROD-026,14,2,4,52
BST-084,PROD-027,7,3,4,52
BST-084,PROD-028,4,3,4,52
BST-084,PROD-029,16,0,4,52
BST-084,PROD-030,16,0,4,52
BST-084,PROD-031,7,3,4,52
BST-084,PROD-032,12,1,4,52
BST-084,PROD-033,4,0,4,52
BST-084,PROD-034,13,0,4,52
BST-084,PROD-035,39,0,4,52
BST-085,PROD-001,38,5,5,133
BST-085,PROD-002,25,5,6,172
BST-085,PROD-003,15,1,4,94
BST-085,PROD-004,0,0,4,116
BST-085,PROD-005,0,0,5,144
BST-085,PROD-006,0,0,4,122
BST-085,PROD-007,0,0,4,116
BST-085,PROD-008,13,4,4,94
BST-085,PROD-009,13,2,4,105
BST-085,PROD-010,3,0,4,52
BST-085,PROD-011,13,3,4,52
BST-085,PROD-012,7,0,4,56
BST-085,PROD-013,8,2,4,56
BST-085,PROD-014,14,4,4,77
BST-085,PROD-015,10,0,4,52
BST-085,PROD-016,10,4,4,52
BST-085,PROD-017,13,1,4,52
BST-085,PROD-018,9,3,4,52
BST-085,PROD-019,5,3,7,189
BST-085,PROD-020,23,3,8,238
BST-085,PROD-021,24,2,6,172
BST-085,PROD-022,22,2,5,133
BST-085,PROD-023,13,4,4,116
BST-085,PROD-024,26,3,4,94
BST-085,PROD-025,14,1,4,56
BST-085,PROD-026,6,3,4,52
BST-085,PROD-027,15,2,4,52
BST-085,PROD-028,15,4,4,52
BST-085,PROD-029,4,1,4,52
BST-085,PROD-030,10,3,4,52
BST-085,PROD-031,7,1,4,52
BST-085,PROD-032,7,5,4,52
BST-085,PROD-033,3,1,4,52
BST-085,PROD-034,13,5,4,52
BST-085,PROD-035,39,1,4,52
BST-086,PROD-001,29,3,9,256
BST-086,PROD-002,47,4,12,329
BST-086,PROD-003,32,5,6,182
BST-086,PROD-004,17,0,8,220
BST-086,PROD-005,0,0,10,273
BST-086,PROD-006,2,2,8,238
BST-086,PROD-007,64,5,8,220
BST-086,PROD-008,9,4,6,182
BST-086,PROD-009,43,1,7,200
BST-086,PROD-010,11,5,4,74
BST-086,PROD-011,17,1,4,91
BST-086,PROD-012,14,2,4,108
BST-086,PROD-013,16,2,4,108
BST-086,PROD-014,7,3,5,147
BST-086,PROD-015,13,2,4,74
BST-086,PROD-016,16,2,4,56
BST-086,PROD-017,13,0,4,52
BST-086,PROD-018,9,0,4,52
BST-086,PROD-019,12,3,13,364
BST-086,PROD-020,108,4,16,455
BST-086,PROD-021,3,1,12,329
BST-086,PROD-022,58,2,9,256
BST-086,PROD-023,37,0,8,220
BST-086,PROD-024,16,0,6,182
BST-086,PROD-025,26,4,4,108
BST-086,PROD-026,6,4,4,91
BST-086,PROD-027,8,1,4,74
BST-086,PROD-028,24,3,4,74
BST-086,PROD-029,10,0,4,56
BST-086,PROD-030,10,0,4,74
BST-086,PROD-031,13,2,4,52
BST-086,PROD-032,12,0,4,52
BST-086,PROD-033,16,2,4,52
BST-086,PROD-034,13,2,4,52
BST-086,PROD-035,39,4,4,52
BST-087,PROD-001,58,4,12,336
BST-087,PROD-002,60,3,15,430
BST-087,PROD-003,31,4,8,238
BST-087,PROD-004,21,5,10,287
BST-087,PROD-005,13,2,13,360
BST-087,PROD-006,53,0,11,312
BST-087,PROD-007,92,3,10,287
BST-087,PROD-008,19,3,8,238
BST-087,PROD-009,81,0,9,262
BST-087,PROD-010,13,3,4,94
BST-087,PROD-011,15,0,4,119
BST-087,PROD-012,42,5,5,144
BST-087,PROD-013,16,2,5,144
BST-087,PROD-014,9,0,7,192
BST-087,PROD-015,7,3,4,94
BST-087,PROD-016,8,5,4,74
BST-087,PROD-017,10,0,4,52
BST-087,PROD-018,4,4,4,52
BST-087,PROD-019,14,1,17,480
BST-087,PROD-020,21,3,21,598
BST-087,PROD-021,77,2,15,430
BST-087,PROD-022,55,1,12,336
BST-087,PROD-023,17,1,10,287
BST-087,PROD-024,10,2,8,238
BST-087,PROD-025,18,4,5,144
BST-087,PROD-026,26,3,4,119
BST-087,PROD-027,5,0,4,94
BST-087,PROD-028,19,5,4,94
BST-087,PROD-029,16,4,4,74
BST-087,PROD-030,6,2,4,94
BST-087,PROD-031,7,2,4,52
BST-087,PROD-032,13,1,4,52
BST-087,PROD-033,14,3,4,52
BST-087,PROD-034,9,0,4,52
BST-087,PROD-035,39,0,4,52
BST-088,PROD-001,15,1,4,88
BST-088,PROD-002,8,4,4,112
BST-088,PROD-003,7,5,4,63
BST-088,PROD-004,0,0,4,74
BST-088,PROD-005,0,0,4,94
BST-088,PROD-006,0,0,4,80
BST-088,PROD-007,9,1,4,74
BST-088,PROD-008,16,1,4,63
BST-088,PROD-009,13,2,4,70
BST-088,PROD-010,9,1,4,52
BST-088,PROD-011,8,1,4,52
BST-088,PROD-012,13,3,4,52
BST-088,PROD-013,7,5,4,52
BST-088,PROD-014,9,2,4,52
BST-088,PROD-015,13,3,4,52
BST-088,PROD-016,12,4,4,52
BST-088,PROD-017,13,2,4,52
BST-088,PROD-018,13,4,4,52
BST-088,PROD-019,4,2,4,126
BST-088,PROD-020,34,1,5,154
BST-088,PROD-021,21,4,4,112
BST-088,PROD-022,19,2,4,88
BST-088,PROD-023,17,1,4,74
BST-088,PROD-024,16,5,4,63
BST-088,PROD-025,16,2,4,52
BST-088,PROD-026,9,3,4,52
BST-088,PROD-027,14,1,4,52
BST-088,PROD-028,18,5,4,52
BST-088,PROD-029,15,2,4,52
BST-088,PROD-030,18,5,4,52
BST-088,PROD-031,5,0,4,52
BST-088,PROD-032,17,0,4,52
BST-088,PROD-033,13,3,4,52
BST-088,PROD-034,13,5,4,52
BST-088,PROD-035,39,2,4,52
BST-089,PROD-001,29,5,7,196
BST-089,PROD-002,16,0,9,252
BST-089,PROD-003,2,0,5,140
BST-089,PROD-004,0,0,6,168
BST-089,PROD-005,0,0,7,210
BST-089,PROD-006,0,0,6,182
BST-089,PROD-007,0,0,6,168
BST-089,PROD-008,0,0,5,140
BST-089,PROD-009,0,0,5,154
BST-089,PROD-010,17,4,4,56
BST-089,PROD-011,3,3,4,70
BST-089,PROD-012,5,4,4,84
BST-089,PROD-013,19,5,4,84
BST-089,PROD-014,23,1,4,112
BST-089,PROD-015,7,3,4,56
BST-089,PROD-016,3,3,4,52
BST-089,PROD-017,13,0,4,52
BST-089,PROD-018,15,5,4,52
BST-089,PROD-019,30,3,10,280
BST-089,PROD-020,65,4,12,350
BST-089,PROD-021,44,5,9,252
BST-089,PROD-022,13,0,7,196
BST-089,PROD-023,15,0,6,168
BST-089,PROD-024,25,3,5,140
BST-089,PROD-025,5,2,4,84
BST-089,PROD-026,14,2,4,70
BST-089,PROD-027,5,2,4,56
BST-089,PROD-028,17,5,4,56
BST-089,PROD-029,15,1,4,52
BST-089,PROD-030,7,4,4,56
BST-089,PROD-031,8,0,4,52
BST-089,PROD-032,7,0,4,52
BST-089,PROD-033,11,4,4,52
BST-089,PROD-034,13,5,4,52
BST-089,PROD-035,39,3,4,52
BST-090,PROD-001,28,4,5,133
BST-090,PROD-002,36,0,6,172
BST-090,PROD-003,15,4,4,94
BST-090,PROD-004,0,0,4,116
BST-090,PROD-005,0,0,5,144
BST-090,PROD-006,0,0,4,126
BST-090,PROD-007,0,0,4,116
BST-090,PROD-008,0,0,4,94
BST-090,PROD-009,21,4,4,105
BST-090,PROD-010,8,3,4,52
BST-090,PROD-011,4,0,4,52
BST-090,PROD-012,15,1,4,56
BST-090,PROD-013,13,0,4,56
BST-090,PROD-014,4,1,4,77
BST-090,PROD-015,5,3,4,52
BST-090,PROD-016,4,3,4,52
BST-090,PROD-017,13,2,4,52
BST-090,PROD-018,15,0,4,52
BST-090,PROD-019,25,1,7,192
BST-090,PROD-020,43,2,8,242
BST-090,PROD-021,7,0,6,172
BST-090,PROD-022,13,3,5,133
BST-090,PROD-023,14,1,4,116
BST-090,PROD-024,20,4,4,94
BST-090,PROD-025,9,3,4,56
BST-090,PROD-026,14,0,4,52
BST-090,PROD-027,10,3,4,52
BST-090,PROD-028,16,5,4,52
BST-090,PROD-029,4,0,4,52
BST-090,PROD-030,4,4,4,52
BST-090,PROD-031,7,0,4,52
BST-090,PROD-032,16,2,4,52
BST-090,PROD-033,4,4,4,52
BST-090,PROD-034,13,4,4,52
BST-090,PROD-035,39,0,4,52
BST-091,PROD-001,26,3,7,196
BST-091,PROD-002,46,2,9,252
BST-091,PROD-003,3,3,5,140
BST-091,PROD-004,0,0,6,168
BST-091,PROD-005,0,0,7,210
BST-091,PROD-006,0,0,6,182
BST-091,PROD-007,28,0,6,168
BST-091,PROD-008,22,2,5,140
BST-091,PROD-009,0,0,5,154
BST-091,PROD-010,13,1,4,56
BST-091,PROD-011,19,1,4,70
BST-091,PROD-012,22,0,4,84
BST-091,PROD-013,18,3,4,84
BST-091,PROD-014,11,2,4,112
BST-091,PROD-015,18,3,4,56
BST-091,PROD-016,8,2,4,52
BST-091,PROD-017,13,3,4,52
BST-091,PROD-018,4,2,4,52
BST-091,PROD-019,23,5,10,280
BST-091,PROD-020,102,5,12,350
BST-091,PROD-021,63,2,9,252
BST-091,PROD-022,30,1,7,196
BST-091,PROD-023,3,3,6,168
BST-091,PROD-024,38,5,5,140
BST-091,PROD-025,3,2,4,84
BST-091,PROD-026,10,0,4,70
BST-091,PROD-027,7,0,4,56
BST-091,PROD-028,9,4,4,56
BST-091,PROD-029,11,3,4,52
BST-091,PROD-030,15,2,4,56
BST-091,PROD-031,10,5,4,52
BST-091,PROD-032,7,0,4,52
BST-091,PROD-033,12,1,4,52
BST-091,PROD-034,13,0,4,52
BST-091,PROD-035,39,1,4,52
BST-092,PROD-001,35,3,8,238
BST-092,PROD-002,87,4,11,304
BST-092,PROD-003,36,0,6,168
BST-092,PROD-004,28,2,7,203
BST-092,PROD-005,15,3,9,256
BST-092,PROD-006,28,1,8,220
BST-092,PROD-007,30,0,7,203
BST-092,PROD-008,33,4,6,168
BST-092,PROD-009,51,0,7,186
BST-092,PROD-010,13,0,4,66
BST-092,PROD-011,8,4,4,84
BST-092,PROD-012,29,0,4,102
BST-092,PROD-013,6,2,4,102
BST-092,PROD-014,35,3,5,136
BST-092,PROD-015,11,3,4,66
BST-092,PROD-016,13,1,4,52
BST-092,PROD-017,13,3,4,52
BST-092,PROD-018,11,1,4,52
BST-092,PROD-019,76,1,12,340
BST-092,PROD-020,123,4,15,424
BST-092,PROD-021,59,4,11,304
BST-092,PROD-022,13,0,8,238
BST-092,PROD-023,26,1,7,203
BST-092,PROD-024,18,3,6,168
BST-092,PROD-025,11,5,4,102
BST-092,PROD-026,24,0,4,84
BST-092,PROD-027,8,2,4,66
BST-092,PROD-028,10,1,4,66
BST-092,PROD-029,4,4,4,52
BST-092,PROD-030,18,3,4,66
BST-092,PROD-031,9,1,4,52
BST-092,PROD-032,7,3,4,52
BST-092,PROD-033,5,2,4,52
BST-092,PROD-034,13,0,4,52
BST-092,PROD-035,39,1,4,52
BST-093,PROD-001,34,5,9,259
BST-093,PROD-002,37,1,12,332
BST-093,PROD-003,26,0,7,186
BST-093,PROD-004,0,0,8,224
BST-093,PROD-005,42,2,10,276
BST-093,PROD-006,30,2,9,242
BST-093,PROD-007,71,4,8,224
BST-093,PROD-008,39,3,7,186
BST-093,PROD-009,64,2,7,203
BST-093,PROD-010,14,0,4,74
BST-093,PROD-011,18,3,4,91
BST-093,PROD-012,19,1,4,112
BST-093,PROD-013,28,4,4,112
BST-093,PROD-014,35,0,5,147
BST-093,PROD-015,7,5,4,74
BST-093,PROD-016,11,1,4,56
BST-093,PROD-017,6,2,4,52
BST-093,PROD-018,7,5,4,52
BST-093,PROD-019,63,0,13,371
BST-093,PROD-020,0,0,16,462
BST-093,PROD-021,2,0,12,332
BST-093,PROD-022,28,4,9,259
BST-093,PROD-023,26,3,8,224
BST-093,PROD-024,22,5,7,186
BST-093,PROD-025,12,2,4,112
BST-093,PROD-026,21,5,4,91
BST-093,PROD-027,22,3,4,74
BST-093,PROD-028,18,2,4,74
BST-093,PROD-029,5,5,4,56
BST-093,PROD-030,6,3,4,74
BST-093,PROD-031,11,2,4,52
BST-093,PROD-032,7,3,4,52
BST-093,PROD-033,14,3,4,52
BST-093,PROD-034,13,2,4,52
BST-093,PROD-035,39,0,4,52
BST-094,PROD-001,12,2,6,164
BST-094,PROD-002,57,4,7,210
BST-094,PROD-003,27,3,4,119
BST-094,PROD-004,13,0,5,140
BST-094,PROD-005,0,0,6,175
BST-094,PROD-006,0,0,5,154
BST-094,PROD-007,22,2,5,140
BST-094,PROD-008,12,3,4,119
BST-094,PROD-009,16,4,5,130
BST-094,PROD-010,4,1,4,52
BST-094,PROD-011,7,3,4,60
BST-094,PROD-012,18,5,4,70
BST-094,PROD-013,10,2,4,70
BST-094,PROD-014,25,4,4,94
BST-094,PROD-015,10,5,4,52
BST-094,PROD-016,14,5,4,52
BST-094,PROD-017,13,3,4,52
BST-094,PROD-018,5,3,4,52
BST-094,PROD-019,19,5,8,234
BST-094,PROD-020,56,1,10,294
BST-094,PROD-021,29,3,7,210
BST-094,PROD-022,35,0,6,164
BST-094,PROD-023,9,2,5,140
BST-094,PROD-024,34,4,4,119
BST-094,PROD-025,16,1,4,70
BST-094,PROD-026,5,4,4,60
BST-094,PROD-027,9,5,4,52
BST-094,PROD-028,12,4,4,52
BST-094,PROD-029,8,0,4,52
BST-094,PROD-030,11,5,4,52
BST-094,PROD-031,7,4,4,52
BST-094,PROD-032,17,4,4,52
BST-094,PROD-033,13,3,4,52
BST-094,PROD-034,13,1,4,52
BST-094,PROD-035,39,1,4,52
BST-095,PROD-001,45,3,8,231
BST-095,PROD-002,34,1,10,294
BST-095,PROD-003,22,0,6,164
BST-095,PROD-004,0,0,7,196
BST-095,PROD-005,44,0,9,245
BST-095,PROD-006,52,5,8,214
BST-095,PROD-007,25,0,7,196
BST-095,PROD-008,40,1,6,164
BST-095,PROD-009,22,2,6,182
BST-095,PROD-010,10,1,4,66
BST-095,PROD-011,26,1,4,80
BST-095,PROD-012,10,1,4,98
BST-095,PROD-013,15,4,4,98
BST-095,PROD-014,16,1,5,133
BST-095,PROD-015,22,2,4,66
BST-095,PROD-016,7,4,4,52
BST-095,PROD-017,10,0,4,52
BST-095,PROD-018,15,0,4,52
BST-095,PROD-019,53,0,12,329
BST-095,PROD-020,97,2,15,410
BST-095,PROD-021,0,0,10,294
BST-095,PROD-022,39,0,8,231
BST-095,PROD-023,31,4,7,196
BST-095,PROD-024,33,4,6,164
BST-095,PROD-025,23,0,4,98
BST-095,PROD-026,15,0,4,80
BST-095,PROD-027,11,5,4,66
BST-095,PROD-028,6,5,4,66
BST-095,PROD-029,5,1,4,52
BST-095,PROD-030,22,1,4,66
BST-095,PROD-031,13,4,4,52
BST-095,PROD-032,12,5,4,52
BST-095,PROD-033,7,1,4,52
BST-095,PROD-034,13,4,4,52
BST-095,PROD-035,39,4,4,52
BST-096,PROD-001,47,1,8,238
BST-096,PROD-002,35,2,11,304
BST-096,PROD-003,20,3,6,172
BST-096,PROD-004,7,3,7,203
BST-096,PROD-005,35,0,9,256
BST-096,PROD-006,18,1,8,220
BST-096,PROD-007,54,5,7,203
BST-096,PROD-008,33,2,6,172
BST-096,PROD-009,56,1,7,186
BST-096,PROD-010,9,1,4,66
BST-096,PROD-011,27,3,4,84
BST-096,PROD-012,27,1,4,102
BST-096,PROD-013,11,1,4,102
BST-096,PROD-014,35,1,5,136
BST-096,PROD-015,12,0,4,66
BST-096,PROD-016,8,3,4,52
BST-096,PROD-017,6,3,4,52
BST-096,PROD-018,11,0,4,52
BST-096,PROD-019,58,3,12,340
BST-096,PROD-020,67,1,15,424
BST-096,PROD-021,8,2,11,304
BST-096,PROD-022,52,4,8,238
BST-096,PROD-023,31,2,7,203
BST-096,PROD-024,20,2,6,172
BST-096,PROD-025,24,4,4,102
BST-096,PROD-026,20,0,4,84
BST-096,PROD-027,15,1,4,66
BST-096,PROD-028,11,4,4,66
BST-096,PROD-029,12,4,4,52
BST-096,PROD-030,20,2,4,66
BST-096,PROD-031,11,3,4,52
BST-096,PROD-032,13,4,4,52
BST-096,PROD-033,5,1,4,52
BST-096,PROD-034,13,1,4,52
BST-096,PROD-035,39,0,4,52
BST-097,PROD-001,29,3,8,217
BST-097,PROD-002,55,2,10,280
BST-097,PROD-003,20,5,6,158
BST-097,PROD-004,33,1,7,189
BST-097,PROD-005,37,2,8,234
BST-097,PROD-006,44,3,7,203
BST-097,PROD-007,44,2,7,189
BST-097,PROD-008,23,0,6,158
BST-097,PROD-009,17,4,6,172
BST-097,PROD-010,15,2,4,63
BST-097,PROD-011,18,1,4,77
BST-097,PROD-012,14,1,4,94
BST-097,PROD-013,20,2,4,94
BST-097,PROD-014,35,2,4,126
BST-097,PROD-015,13,1,4,63
BST-097,PROD-016,11,0,4,52
BST-097,PROD-017,4,2,4,52
BST-097,PROD-018,9,0,4,52
BST-097,PROD-019,60,0,11,312
BST-097,PROD-020,103,2,14,392
BST-097,PROD-021,19,2,10,280
BST-097,PROD-022,56,4,8,217
BST-097,PROD-023,59,3,7,189
BST-097,PROD-024,48,4,6,158
BST-097,PROD-025,27,3,4,94
BST-097,PROD-026,20,3,4,77
BST-097,PROD-027,20,2,4,63
BST-097,PROD-028,8,4,4,63
BST-097,PROD-029,17,2,4,52
BST-097,PROD-030,14,4,4,63
BST-097,PROD-031,12,2,4,52
BST-097,PROD-032,13,2,4,52
BST-097,PROD-033,5,4,4,52
BST-097,PROD-034,13,4,4,52
BST-097,PROD-035,39,1,4,52
BST-098,PROD-001,23,3,5,154
BST-098,PROD-002,51,2,7,196
BST-098,PROD-003,13,2,4,108
BST-098,PROD-004,6,3,5,133
BST-098,PROD-005,0,0,6,164
BST-098,PROD-006,16,0,5,144
BST-098,PROD-007,11,1,5,133
BST-098,PROD-008,8,2,4,108
BST-098,PROD-009,14,1,4,119
BST-098,PROD-010,4,3,4,52
BST-098,PROD-011,16,2,4,56
BST-098,PROD-012,11,3,4,66
BST-098,PROD-013,15,4,4,66
BST-098,PROD-014,14,1,4,88
BST-098,PROD-015,8,3,4,52
BST-098,PROD-016,17,4,4,52
BST-098,PROD-017,13,2,4,52
BST-098,PROD-018,18,5,4,52
BST-098,PROD-019,30,4,8,220
BST-098,PROD-020,73,2,10,273
BST-098,PROD-021,56,4,7,196
BST-098,PROD-022,39,1,5,154
BST-098,PROD-023,10,2,5,133
BST-098,PROD-024,11,3,4,108
BST-098,PROD-025,10,1,4,66
BST-098,PROD-026,18,0,4,56
BST-098,PROD-027,10,5,4,52
BST-098,PROD-028,12,2,4,52
BST-098,PROD-029,14,5,4,52
BST-098,PROD-030,7,0,4,52
BST-098,PROD-031,7,2,4,52
BST-098,PROD-032,15,3,4,52
BST-098,PROD-033,9,5,4,52
BST-098,PROD-034,13,0,4,52
BST-098,PROD-035,39,1,4,52
BST-099,PROD-001,66,0,9,242
BST-099,PROD-002,16,0,11,308
BST-099,PROD-003,39,0,6,172
BST-099,PROD-004,100,0,7,206
BST-099,PROD-005,23,4,9,259
BST-099,PROD-006,35,3,8,224
BST-099,PROD-007,6,1,7,206
BST-099,PROD-008,48,5,6,172
BST-099,PROD-009,12,4,7,189
BST-099,PROD-010,17,4,4,70
BST-099,PROD-011,6,4,4,88
BST-099,PROD-012,8,4,4,102
BST-099,PROD-013,1,1,4,102
BST-099,PROD-014,29,4,5,136
BST-099,PROD-015,11,0,4,70
BST-099,PROD-016,15,2,4,52
BST-099,PROD-017,13,4,4,52
BST-099,PROD-018,17,0,4,52
BST-099,PROD-019,63,4,12,343
BST-099,PROD-020,110,1,15,430
BST-099,PROD-021,77,0,11,308
BST-099,PROD-022,54,2,9,242
BST-099,PROD-023,53,5,7,206
BST-099,PROD-024,51,1,6,172
BST-099,PROD-025,15,4,4,102
BST-099,PROD-026,26,2,4,88
BST-099,PROD-027,9,2,4,70
BST-099,PROD-028,6,1,4,70
BST-099,PROD-029,16,5,4,52
BST-099,PROD-030,22,1,4,70
BST-099,PROD-031,9,2,4,52
BST-099,PROD-032,7,4,4,52
BST-099,PROD-033,5,1,4,52
BST-099,PROD-034,13,0,4,52
BST-099,PROD-035,39,5,4,52
BST-100,PROD-001,41,3,10,290
BST-100,PROD-002,55,1,13,374
BST-100,PROD-003,26,2,7,206
BST-100,PROD-004,0,0,9,248
BST-100,PROD-005,68,0,11,312
BST-100,PROD-006,43,0,10,270
BST-100,PROD-007,78,0,9,248
BST-100,PROD-008,69,1,7,206
BST-100,PROD-009,49,5,8,228
BST-100,PROD-010,23,4,4,84
BST-100,PROD-011,20,0,4,105
BST-100,PROD-012,21,3,4,126
BST-100,PROD-013,23,1,4,126
BST-100,PROD-014,47,5,6,164
BST-100,PROD-015,25,1,4,84
BST-100,PROD-016,9,1,4,63
BST-100,PROD-017,17,0,4,52
BST-100,PROD-018,5,0,4,52
BST-100,PROD-019,69,0,15,413
BST-100,PROD-020,7,2,18,518
BST-100,PROD-021,10,2,13,374
BST-100,PROD-022,86,0,10,290
BST-100,PROD-023,51,1,9,248
BST-100,PROD-024,56,3,7,206
BST-100,PROD-025,25,1,4,126
BST-100,PROD-026,8,3,4,105
BST-100,PROD-027,15,0,4,84
BST-100,PROD-028,14,1,4,84
BST-100,PROD-029,15,1,4,63
BST-100,PROD-030,27,4,4,84
BST-100,PROD-031,7,4,4,52
BST-100,PROD-032,8,5,4,52
BST-100,PROD-033,10,3,4,52
BST-100,PROD-034,13,3,4,52
BST-100,PROD-035,39,0,4,52
